image,dmos,reference,noise
I01_01_01.png,4.57,I01.png,1
I01_01_02.png,4.33,I01.png,1
I01_01_03.png,2.67,I01.png,1
I01_01_04.png,1.67,I01.png,1
I01_01_05.png,1.1,I01.png,1
I02_01_01.png,4.5,I02.png,1
I02_01_02.png,4.17,I02.png,1
I02_01_03.png,2.07,I02.png,1
I02_01_04.png,1.57,I02.png,1
I02_01_05.png,1.27,I02.png,1
I03_01_01.png,4.7,I03.png,1
I03_01_02.png,4.63,I03.png,1
I03_01_03.png,3,I03.png,1
I03_01_04.png,1.83,I03.png,1
I03_01_05.png,1.17,I03.png,1
I04_01_01.png,4.77,I04.png,1
I04_01_02.png,4.3,I04.png,1
I04_01_03.png,2.5,I04.png,1
I04_01_04.png,1.57,I04.png,1
I04_01_05.png,1.2,I04.png,1
I05_01_01.png,4.6,I05.png,1
I05_01_02.png,4.47,I05.png,1
I05_01_03.png,2.83,I05.png,1
I05_01_04.png,1.7,I05.png,1
I05_01_05.png,1.17,I05.png,1
I06_01_01.png,4.7,I06.png,1
I06_01_02.png,4.33,I06.png,1
I06_01_03.png,3.43,I06.png,1
I06_01_04.png,2.13,I06.png,1
I06_01_05.png,1.53,I06.png,1
I07_01_01.png,4.5,I07.png,1
I07_01_02.png,4.4,I07.png,1
I07_01_03.png,2.5,I07.png,1
I07_01_04.png,1.73,I07.png,1
I07_01_05.png,1.37,I07.png,1
I08_01_01.png,4.8,I08.png,1
I08_01_02.png,4.4,I08.png,1
I08_01_03.png,3,I08.png,1
I08_01_04.png,2,I08.png,1
I08_01_05.png,1.47,I08.png,1
I09_01_01.png,4.73,I09.png,1
I09_01_02.png,3.77,I09.png,1
I09_01_03.png,1.93,I09.png,1
I09_01_04.png,1.4,I09.png,1
I09_01_05.png,1.2,I09.png,1
I10_01_01.png,4.73,I10.png,1
I10_01_02.png,4.53,I10.png,1
I10_01_03.png,2.8,I10.png,1
I10_01_04.png,1.67,I10.png,1
I10_01_05.png,1.23,I10.png,1
I11_01_01.png,4.6,I11.png,1
I11_01_02.png,4.07,I11.png,1
I11_01_03.png,2.5,I11.png,1
I11_01_04.png,1.77,I11.png,1
I11_01_05.png,1.35,I11.png,1
I12_01_01.png,4.53,I12.png,1
I12_01_02.png,3.87,I12.png,1
I12_01_03.png,2.4,I12.png,1
I12_01_04.png,1.67,I12.png,1
I12_01_05.png,1.17,I12.png,1
I13_01_01.png,4.74,I13.png,1
I13_01_02.png,4.4,I13.png,1
I13_01_03.png,3.33,I13.png,1
I13_01_04.png,2.2,I13.png,1
I13_01_05.png,1.5,I13.png,1
I14_01_01.png,4.63,I14.png,1
I14_01_02.png,4.1,I14.png,1
I14_01_03.png,2.53,I14.png,1
I14_01_04.png,1.68,I14.png,1
I14_01_05.png,1.57,I14.png,1
I15_01_01.png,4.63,I15.png,1
I15_01_02.png,4.33,I15.png,1
I15_01_03.png,2.43,I15.png,1
I15_01_04.png,1.8,I15.png,1
I15_01_05.png,1.23,I15.png,1
I16_01_01.png,4.7,I16.png,1
I16_01_02.png,4.3,I16.png,1
I16_01_03.png,2,I16.png,1
I16_01_04.png,1.4,I16.png,1
I16_01_05.png,1.13,I16.png,1
I17_01_01.png,4.73,I17.png,1
I17_01_02.png,4.23,I17.png,1
I17_01_03.png,2.73,I17.png,1
I17_01_04.png,1.4,I17.png,1
I17_01_05.png,1.07,I17.png,1
I18_01_01.png,4.5,I18.png,1
I18_01_02.png,4.23,I18.png,1
I18_01_03.png,2.83,I18.png,1
I18_01_04.png,1.77,I18.png,1
I18_01_05.png,1.4,I18.png,1
I19_01_01.png,4.4,I19.png,1
I19_01_02.png,4.23,I19.png,1
I19_01_03.png,2.77,I19.png,1
I19_01_04.png,1.93,I19.png,1
I19_01_05.png,1.27,I19.png,1
I20_01_01.png,4.63,I20.png,1
I20_01_02.png,4.37,I20.png,1
I20_01_03.png,2.73,I20.png,1
I20_01_04.png,1.97,I20.png,1
I20_01_05.png,1.33,I20.png,1
I21_01_01.png,4.7,I21.png,1
I21_01_02.png,4,I21.png,1
I21_01_03.png,2.5,I21.png,1
I21_01_04.png,1.6,I21.png,1
I21_01_05.png,1.13,I21.png,1
I22_01_01.png,4.7,I22.png,1
I22_01_02.png,4.57,I22.png,1
I22_01_03.png,3.13,I22.png,1
I22_01_04.png,2.3,I22.png,1
I22_01_05.png,1.5,I22.png,1
I23_01_01.png,4.73,I23.png,1
I23_01_02.png,4.47,I23.png,1
I23_01_03.png,3.03,I23.png,1
I23_01_04.png,2.2,I23.png,1
I23_01_05.png,1.33,I23.png,1
I24_01_01.png,4.2,I24.png,1
I24_01_02.png,4.03,I24.png,1
I24_01_03.png,2.77,I24.png,1
I24_01_04.png,1.7,I24.png,1
I24_01_05.png,1.4,I24.png,1
I25_01_01.png,4.43,I25.png,1
I25_01_02.png,4.63,I25.png,1
I25_01_03.png,3.2,I25.png,1
I25_01_04.png,2.3,I25.png,1
I25_01_05.png,1.37,I25.png,1
I26_01_01.png,4.74,I26.png,1
I26_01_02.png,4.43,I26.png,1
I26_01_03.png,2.83,I26.png,1
I26_01_04.png,1.8,I26.png,1
I26_01_05.png,1.3,I26.png,1
I27_01_01.png,4.53,I27.png,1
I27_01_02.png,4.17,I27.png,1
I27_01_03.png,2.4,I27.png,1
I27_01_04.png,1.67,I27.png,1
I27_01_05.png,1.2,I27.png,1
I28_01_01.png,4.57,I28.png,1
I28_01_02.png,4.68,I28.png,1
I28_01_03.png,4,I28.png,1
I28_01_04.png,2.19,I28.png,1
I28_01_05.png,1.37,I28.png,1
I29_01_01.png,4.73,I29.png,1
I29_01_02.png,4.4,I29.png,1
I29_01_03.png,3.47,I29.png,1
I29_01_04.png,1.87,I29.png,1
I29_01_05.png,1.23,I29.png,1
I30_01_01.png,4.6,I30.png,1
I30_01_02.png,4.6,I30.png,1
I30_01_03.png,3.93,I30.png,1
I30_01_04.png,2.63,I30.png,1
I30_01_05.png,1.26,I30.png,1
I31_01_01.png,4.83,I31.png,1
I31_01_02.png,4.63,I31.png,1
I31_01_03.png,3.03,I31.png,1
I31_01_04.png,1.83,I31.png,1
I31_01_05.png,1.27,I31.png,1
I32_01_01.png,4.5,I32.png,1
I32_01_02.png,4.39,I32.png,1
I32_01_03.png,2.73,I32.png,1
I32_01_04.png,1.6,I32.png,1
I32_01_05.png,1.1,I32.png,1
I33_01_01.png,4.4,I33.png,1
I33_01_02.png,3.9,I33.png,1
I33_01_03.png,2.33,I33.png,1
I33_01_04.png,1.57,I33.png,1
I33_01_05.png,1.3,I33.png,1
I34_01_01.png,4.6,I34.png,1
I34_01_02.png,4.37,I34.png,1
I34_01_03.png,2.97,I34.png,1
I34_01_04.png,1.7,I34.png,1
I34_01_05.png,1.3,I34.png,1
I35_01_01.png,4.53,I35.png,1
I35_01_02.png,4.5,I35.png,1
I35_01_03.png,3.2,I35.png,1
I35_01_04.png,1.97,I35.png,1
I35_01_05.png,1.33,I35.png,1
I36_01_01.png,4.63,I36.png,1
I36_01_02.png,4.53,I36.png,1
I36_01_03.png,3.5,I36.png,1
I36_01_04.png,2.1,I36.png,1
I36_01_05.png,1.27,I36.png,1
I37_01_01.png,4.77,I37.png,1
I37_01_02.png,4.1,I37.png,1
I37_01_03.png,2.87,I37.png,1
I37_01_04.png,1.53,I37.png,1
I37_01_05.png,1.33,I37.png,1
I38_01_01.png,4.7,I38.png,1
I38_01_02.png,4.63,I38.png,1
I38_01_03.png,3.4,I38.png,1
I38_01_04.png,1.87,I38.png,1
I38_01_05.png,1.43,I38.png,1
I39_01_01.png,4.73,I39.png,1
I39_01_02.png,4.43,I39.png,1
I39_01_03.png,2.97,I39.png,1
I39_01_04.png,1.8,I39.png,1
I39_01_05.png,1.32,I39.png,1
I40_01_01.png,4.27,I40.png,1
I40_01_02.png,3.83,I40.png,1
I40_01_03.png,2.17,I40.png,1
I40_01_04.png,1.57,I40.png,1
I40_01_05.png,1.1,I40.png,1
I41_01_01.png,4.57,I41.png,1
I41_01_02.png,4.43,I41.png,1
I41_01_03.png,3.17,I41.png,1
I41_01_04.png,2.07,I41.png,1
I41_01_05.png,1.4,I41.png,1
I42_01_01.png,4.57,I42.png,1
I42_01_02.png,4.63,I42.png,1
I42_01_03.png,3.23,I42.png,1
I42_01_04.png,2.07,I42.png,1
I42_01_05.png,1.4,I42.png,1
I43_01_01.png,4.8,I43.png,1
I43_01_02.png,4.47,I43.png,1
I43_01_03.png,3.67,I43.png,1
I43_01_04.png,2.47,I43.png,1
I43_01_05.png,1.6,I43.png,1
I44_01_01.png,4.43,I44.png,1
I44_01_02.png,4.07,I44.png,1
I44_01_03.png,3.63,I44.png,1
I44_01_04.png,1.87,I44.png,1
I44_01_05.png,1.13,I44.png,1
I45_01_01.png,4.57,I45.png,1
I45_01_02.png,4.3,I45.png,1
I45_01_03.png,2.63,I45.png,1
I45_01_04.png,1.45,I45.png,1
I45_01_05.png,1.23,I45.png,1
I46_01_01.png,4.65,I46.png,1
I46_01_02.png,4.33,I46.png,1
I46_01_03.png,2.97,I46.png,1
I46_01_04.png,1.63,I46.png,1
I46_01_05.png,1.17,I46.png,1
I47_01_01.png,4.5,I47.png,1
I47_01_02.png,4.27,I47.png,1
I47_01_03.png,3.13,I47.png,1
I47_01_04.png,2.07,I47.png,1
I47_01_05.png,1.47,I47.png,1
I48_01_01.png,4.53,I48.png,1
I48_01_02.png,4.75,I48.png,1
I48_01_03.png,3.5,I48.png,1
I48_01_04.png,2.2,I48.png,1
I48_01_05.png,1.23,I48.png,1
I49_01_01.png,4.63,I49.png,1
I49_01_02.png,4.63,I49.png,1
I49_01_03.png,3.3,I49.png,1
I49_01_04.png,2.47,I49.png,1
I49_01_05.png,1.37,I49.png,1
I50_01_01.png,4.57,I50.png,1
I50_01_02.png,4.13,I50.png,1
I50_01_03.png,2.73,I50.png,1
I50_01_04.png,1.83,I50.png,1
I50_01_05.png,1.2,I50.png,1
I51_01_01.png,4.53,I51.png,1
I51_01_02.png,4.37,I51.png,1
I51_01_03.png,2.5,I51.png,1
I51_01_04.png,1.53,I51.png,1
I51_01_05.png,1.33,I51.png,1
I52_01_01.png,4.77,I52.png,1
I52_01_02.png,4.47,I52.png,1
I52_01_03.png,2.73,I52.png,1
I52_01_04.png,1.87,I52.png,1
I52_01_05.png,1.27,I52.png,1
I53_01_01.png,4.7,I53.png,1
I53_01_02.png,4.63,I53.png,1
I53_01_03.png,3.3,I53.png,1
I53_01_04.png,2,I53.png,1
I53_01_05.png,1.27,I53.png,1
I54_01_01.png,4.84,I54.png,1
I54_01_02.png,4.48,I54.png,1
I54_01_03.png,2.53,I54.png,1
I54_01_04.png,1.67,I54.png,1
I54_01_05.png,1.1,I54.png,1
I55_01_01.png,4.47,I55.png,1
I55_01_02.png,4.5,I55.png,1
I55_01_03.png,2.87,I55.png,1
I55_01_04.png,1.8,I55.png,1
I55_01_05.png,1.23,I55.png,1
I56_01_01.png,4.6,I56.png,1
I56_01_02.png,4.63,I56.png,1
I56_01_03.png,2.87,I56.png,1
I56_01_04.png,1.87,I56.png,1
I56_01_05.png,1.2,I56.png,1
I57_01_01.png,4.43,I57.png,1
I57_01_02.png,3.93,I57.png,1
I57_01_03.png,2.23,I57.png,1
I57_01_04.png,1.7,I57.png,1
I57_01_05.png,1.07,I57.png,1
I58_01_01.png,4.73,I58.png,1
I58_01_02.png,4.43,I58.png,1
I58_01_03.png,3.9,I58.png,1
I58_01_04.png,2.6,I58.png,1
I58_01_05.png,1.53,I58.png,1
I59_01_01.png,4.8,I59.png,1
I59_01_02.png,4.3,I59.png,1
I59_01_03.png,3.2,I59.png,1
I59_01_04.png,1.8,I59.png,1
I59_01_05.png,1.37,I59.png,1
I60_01_01.png,4.47,I60.png,1
I60_01_02.png,4.6,I60.png,1
I60_01_03.png,3.33,I60.png,1
I60_01_04.png,1.97,I60.png,1
I60_01_05.png,1.57,I60.png,1
I61_01_01.png,4.47,I61.png,1
I61_01_02.png,4.63,I61.png,1
I61_01_03.png,2.73,I61.png,1
I61_01_04.png,1.97,I61.png,1
I61_01_05.png,1.13,I61.png,1
I62_01_01.png,4.63,I62.png,1
I62_01_02.png,4.03,I62.png,1
I62_01_03.png,2.6,I62.png,1
I62_01_04.png,1.87,I62.png,1
I62_01_05.png,1.43,I62.png,1
I63_01_01.png,4.67,I63.png,1
I63_01_02.png,4.43,I63.png,1
I63_01_03.png,2.6,I63.png,1
I63_01_04.png,1.87,I63.png,1
I63_01_05.png,1.3,I63.png,1
I64_01_01.png,4.67,I64.png,1
I64_01_02.png,4.4,I64.png,1
I64_01_03.png,3.23,I64.png,1
I64_01_04.png,1.83,I64.png,1
I64_01_05.png,1.23,I64.png,1
I65_01_01.png,4.77,I65.png,1
I65_01_02.png,4.4,I65.png,1
I65_01_03.png,2.6,I65.png,1
I65_01_04.png,1.9,I65.png,1
I65_01_05.png,1.33,I65.png,1
I66_01_01.png,4.63,I66.png,1
I66_01_02.png,4.48,I66.png,1
I66_01_03.png,2.97,I66.png,1
I66_01_04.png,1.73,I66.png,1
I66_01_05.png,1.4,I66.png,1
I67_01_01.png,4.63,I67.png,1
I67_01_02.png,4.63,I67.png,1
I67_01_03.png,3.1,I67.png,1
I67_01_04.png,1.9,I67.png,1
I67_01_05.png,1.27,I67.png,1
I68_01_01.png,4.67,I68.png,1
I68_01_02.png,4.33,I68.png,1
I68_01_03.png,2.6,I68.png,1
I68_01_04.png,1.67,I68.png,1
I68_01_05.png,1.17,I68.png,1
I69_01_01.png,4.48,I69.png,1
I69_01_02.png,4.63,I69.png,1
I69_01_03.png,3.4,I69.png,1
I69_01_04.png,2.13,I69.png,1
I69_01_05.png,1.4,I69.png,1
I70_01_01.png,4.73,I70.png,1
I70_01_02.png,4.73,I70.png,1
I70_01_03.png,2.9,I70.png,1
I70_01_04.png,1.93,I70.png,1
I70_01_05.png,1.23,I70.png,1
I71_01_01.png,4.63,I71.png,1
I71_01_02.png,4.34,I71.png,1
I71_01_03.png,2.7,I71.png,1
I71_01_04.png,1.4,I71.png,1
I71_01_05.png,1.23,I71.png,1
I72_01_01.png,4.33,I72.png,1
I72_01_02.png,4.27,I72.png,1
I72_01_03.png,2.63,I72.png,1
I72_01_04.png,1.83,I72.png,1
I72_01_05.png,1.03,I72.png,1
I73_01_01.png,4.63,I73.png,1
I73_01_02.png,4.6,I73.png,1
I73_01_03.png,3.13,I73.png,1
I73_01_04.png,1.93,I73.png,1
I73_01_05.png,1.17,I73.png,1
I74_01_01.png,4.7,I74.png,1
I74_01_02.png,4.43,I74.png,1
I74_01_03.png,3,I74.png,1
I74_01_04.png,2.1,I74.png,1
I74_01_05.png,1.4,I74.png,1
I75_01_01.png,4.37,I75.png,1
I75_01_02.png,4.43,I75.png,1
I75_01_03.png,2.5,I75.png,1
I75_01_04.png,1.87,I75.png,1
I75_01_05.png,1.4,I75.png,1
I76_01_01.png,4.71,I76.png,1
I76_01_02.png,4.47,I76.png,1
I76_01_03.png,2.87,I76.png,1
I76_01_04.png,1.57,I76.png,1
I76_01_05.png,1.33,I76.png,1
I77_01_01.png,4.63,I77.png,1
I77_01_02.png,4.6,I77.png,1
I77_01_03.png,2.87,I77.png,1
I77_01_04.png,2,I77.png,1
I77_01_05.png,1.43,I77.png,1
I78_01_01.png,4.5,I78.png,1
I78_01_02.png,4.43,I78.png,1
I78_01_03.png,3,I78.png,1
I78_01_04.png,2.17,I78.png,1
I78_01_05.png,1.67,I78.png,1
I79_01_01.png,4.7,I79.png,1
I79_01_02.png,4.63,I79.png,1
I79_01_03.png,3.37,I79.png,1
I79_01_04.png,2.47,I79.png,1
I79_01_05.png,1.53,I79.png,1
I80_01_01.png,4.63,I80.png,1
I80_01_02.png,4.43,I80.png,1
I80_01_03.png,3.27,I80.png,1
I80_01_04.png,2.1,I80.png,1
I80_01_05.png,1.53,I80.png,1
I81_01_01.png,4.67,I81.png,1
I81_01_02.png,4.5,I81.png,1
I81_01_03.png,2.9,I81.png,1
I81_01_04.png,1.87,I81.png,1
I81_01_05.png,1.2,I81.png,1
I01_03_01.png,4.73,I01.png,3
I01_03_02.png,3.97,I01.png,3
I01_03_03.png,2.7,I01.png,3
I01_03_04.png,2.03,I01.png,3
I01_03_05.png,1.5,I01.png,3
I02_03_01.png,4.6,I02.png,3
I02_03_02.png,3.77,I02.png,3
I02_03_03.png,2.33,I02.png,3
I02_03_04.png,1.8,I02.png,3
I02_03_05.png,1.2,I02.png,3
I03_03_01.png,4.6,I03.png,3
I03_03_02.png,4.37,I03.png,3
I03_03_03.png,2.93,I03.png,3
I03_03_04.png,2.23,I03.png,3
I03_03_05.png,1.63,I03.png,3
I04_03_01.png,4.7,I04.png,3
I04_03_02.png,4.17,I04.png,3
I04_03_03.png,2.63,I04.png,3
I04_03_04.png,1.93,I04.png,3
I04_03_05.png,1.6,I04.png,3
I05_03_01.png,4.47,I05.png,3
I05_03_02.png,3.9,I05.png,3
I05_03_03.png,2.68,I05.png,3
I05_03_04.png,1.87,I05.png,3
I05_03_05.png,1.53,I05.png,3
I06_03_01.png,4.47,I06.png,3
I06_03_02.png,4.27,I06.png,3
I06_03_03.png,3.27,I06.png,3
I06_03_04.png,2.9,I06.png,3
I06_03_05.png,2.17,I06.png,3
I07_03_01.png,4.67,I07.png,3
I07_03_02.png,4.33,I07.png,3
I07_03_03.png,2.77,I07.png,3
I07_03_04.png,2.07,I07.png,3
I07_03_05.png,1.53,I07.png,3
I08_03_01.png,4.9,I08.png,3
I08_03_02.png,4.33,I08.png,3
I08_03_03.png,3.23,I08.png,3
I08_03_04.png,2.33,I08.png,3
I08_03_05.png,1.83,I08.png,3
I09_03_01.png,4.5,I09.png,3
I09_03_02.png,3.67,I09.png,3
I09_03_03.png,2.13,I09.png,3
I09_03_04.png,1.67,I09.png,3
I09_03_05.png,1.3,I09.png,3
I10_03_01.png,4.67,I10.png,3
I10_03_02.png,4.2,I10.png,3
I10_03_03.png,2.9,I10.png,3
I10_03_04.png,2.17,I10.png,3
I10_03_05.png,1.4,I10.png,3
I11_03_01.png,4.7,I11.png,3
I11_03_02.png,3.57,I11.png,3
I11_03_03.png,2.47,I11.png,3
I11_03_04.png,2.1,I11.png,3
I11_03_05.png,1.47,I11.png,3
I12_03_01.png,4.53,I12.png,3
I12_03_02.png,3.7,I12.png,3
I12_03_03.png,2.06,I12.png,3
I12_03_04.png,1.6,I12.png,3
I12_03_05.png,1.37,I12.png,3
I13_03_01.png,4.4,I13.png,3
I13_03_02.png,4.43,I13.png,3
I13_03_03.png,3.43,I13.png,3
I13_03_04.png,2.33,I13.png,3
I13_03_05.png,1.47,I13.png,3
I14_03_01.png,4.67,I14.png,3
I14_03_02.png,3.55,I14.png,3
I14_03_03.png,2.5,I14.png,3
I14_03_04.png,1.9,I14.png,3
I14_03_05.png,1.45,I14.png,3
I15_03_01.png,4.6,I15.png,3
I15_03_02.png,3.7,I15.png,3
I15_03_03.png,2,I15.png,3
I15_03_04.png,2.07,I15.png,3
I15_03_05.png,1.33,I15.png,3
I16_03_01.png,4.47,I16.png,3
I16_03_02.png,3.47,I16.png,3
I16_03_03.png,2.03,I16.png,3
I16_03_04.png,1.63,I16.png,3
I16_03_05.png,1.17,I16.png,3
I17_03_01.png,4.61,I17.png,3
I17_03_02.png,3.7,I17.png,3
I17_03_03.png,2.27,I17.png,3
I17_03_04.png,1.9,I17.png,3
I17_03_05.png,1.47,I17.png,3
I18_03_01.png,4.3,I18.png,3
I18_03_02.png,3.97,I18.png,3
I18_03_03.png,3.07,I18.png,3
I18_03_04.png,2.33,I18.png,3
I18_03_05.png,1.57,I18.png,3
I19_03_01.png,4.57,I19.png,3
I19_03_02.png,3.73,I19.png,3
I19_03_03.png,3.03,I19.png,3
I19_03_04.png,2.17,I19.png,3
I19_03_05.png,1.84,I19.png,3
I20_03_01.png,4.4,I20.png,3
I20_03_02.png,4.03,I20.png,3
I20_03_03.png,3.13,I20.png,3
I20_03_04.png,2.13,I20.png,3
I20_03_05.png,1.87,I20.png,3
I21_03_01.png,4.7,I21.png,3
I21_03_02.png,3.6,I21.png,3
I21_03_03.png,2.23,I21.png,3
I21_03_04.png,1.9,I21.png,3
I21_03_05.png,1.53,I21.png,3
I22_03_01.png,4.77,I22.png,3
I22_03_02.png,4.33,I22.png,3
I22_03_03.png,2.73,I22.png,3
I22_03_04.png,2.33,I22.png,3
I22_03_05.png,1.9,I22.png,3
I23_03_01.png,4.93,I23.png,3
I23_03_02.png,4.47,I23.png,3
I23_03_03.png,3.3,I23.png,3
I23_03_04.png,2.77,I23.png,3
I23_03_05.png,2.07,I23.png,3
I24_03_01.png,4.5,I24.png,3
I24_03_02.png,4,I24.png,3
I24_03_03.png,3.03,I24.png,3
I24_03_04.png,2.4,I24.png,3
I24_03_05.png,1.83,I24.png,3
I25_03_01.png,4.77,I25.png,3
I25_03_02.png,4.43,I25.png,3
I25_03_03.png,3.1,I25.png,3
I25_03_04.png,2.9,I25.png,3
I25_03_05.png,1.73,I25.png,3
I26_03_01.png,4.67,I26.png,3
I26_03_02.png,4.33,I26.png,3
I26_03_03.png,3,I26.png,3
I26_03_04.png,2.37,I26.png,3
I26_03_05.png,1.87,I26.png,3
I27_03_01.png,4.4,I27.png,3
I27_03_02.png,3.27,I27.png,3
I27_03_03.png,2.5,I27.png,3
I27_03_04.png,1.5,I27.png,3
I27_03_05.png,1.67,I27.png,3
I28_03_01.png,4.47,I28.png,3
I28_03_02.png,4.43,I28.png,3
I28_03_03.png,3.9,I28.png,3
I28_03_04.png,2.73,I28.png,3
I28_03_05.png,2.17,I28.png,3
I29_03_01.png,4.77,I29.png,3
I29_03_02.png,4.4,I29.png,3
I29_03_03.png,3.5,I29.png,3
I29_03_04.png,2.33,I29.png,3
I29_03_05.png,2.03,I29.png,3
I30_03_01.png,4.67,I30.png,3
I30_03_02.png,4.7,I30.png,3
I30_03_03.png,3.7,I30.png,3
I30_03_04.png,3,I30.png,3
I30_03_05.png,2.33,I30.png,3
I31_03_01.png,4.63,I31.png,3
I31_03_02.png,4.23,I31.png,3
I31_03_03.png,3.13,I31.png,3
I31_03_04.png,2.33,I31.png,3
I31_03_05.png,1.57,I31.png,3
I32_03_01.png,4.57,I32.png,3
I32_03_02.png,3.73,I32.png,3
I32_03_03.png,2.77,I32.png,3
I32_03_04.png,1.93,I32.png,3
I32_03_05.png,1.6,I32.png,3
I33_03_01.png,4.57,I33.png,3
I33_03_02.png,3.7,I33.png,3
I33_03_03.png,2.33,I33.png,3
I33_03_04.png,1.97,I33.png,3
I33_03_05.png,1.6,I33.png,3
I34_03_01.png,4.43,I34.png,3
I34_03_02.png,4.03,I34.png,3
I34_03_03.png,2.9,I34.png,3
I34_03_04.png,2.17,I34.png,3
I34_03_05.png,1.7,I34.png,3
I35_03_01.png,4.7,I35.png,3
I35_03_02.png,4.53,I35.png,3
I35_03_03.png,2.97,I35.png,3
I35_03_04.png,2.47,I35.png,3
I35_03_05.png,1.9,I35.png,3
I36_03_01.png,4.7,I36.png,3
I36_03_02.png,4.5,I36.png,3
I36_03_03.png,3.13,I36.png,3
I36_03_04.png,2.07,I36.png,3
I36_03_05.png,2.03,I36.png,3
I37_03_01.png,4.57,I37.png,3
I37_03_02.png,4.23,I37.png,3
I37_03_03.png,2.9,I37.png,3
I37_03_04.png,2.13,I37.png,3
I37_03_05.png,1.6,I37.png,3
I38_03_01.png,4.67,I38.png,3
I38_03_02.png,4.2,I38.png,3
I38_03_03.png,3.23,I38.png,3
I38_03_04.png,2.3,I38.png,3
I38_03_05.png,1.77,I38.png,3
I39_03_01.png,4.77,I39.png,3
I39_03_02.png,4.33,I39.png,3
I39_03_03.png,2.77,I39.png,3
I39_03_04.png,1.97,I39.png,3
I39_03_05.png,1.47,I39.png,3
I40_03_01.png,4.3,I40.png,3
I40_03_02.png,3.27,I40.png,3
I40_03_03.png,2.23,I40.png,3
I40_03_04.png,1.37,I40.png,3
I40_03_05.png,1.17,I40.png,3
I41_03_01.png,4.57,I41.png,3
I41_03_02.png,4.6,I41.png,3
I41_03_03.png,3.47,I41.png,3
I41_03_04.png,2.4,I41.png,3
I41_03_05.png,1.77,I41.png,3
I42_03_01.png,4.77,I42.png,3
I42_03_02.png,4.43,I42.png,3
I42_03_03.png,3.07,I42.png,3
I42_03_04.png,2.33,I42.png,3
I42_03_05.png,1.7,I42.png,3
I43_03_01.png,4.7,I43.png,3
I43_03_02.png,4.47,I43.png,3
I43_03_03.png,3.53,I43.png,3
I43_03_04.png,2.83,I43.png,3
I43_03_05.png,2.3,I43.png,3
I44_03_01.png,4.47,I44.png,3
I44_03_02.png,4.47,I44.png,3
I44_03_03.png,3.37,I44.png,3
I44_03_04.png,2,I44.png,3
I44_03_05.png,1.57,I44.png,3
I45_03_01.png,4.6,I45.png,3
I45_03_02.png,3.8,I45.png,3
I45_03_03.png,2.53,I45.png,3
I45_03_04.png,1.9,I45.png,3
I45_03_05.png,1.6,I45.png,3
I46_03_01.png,4.67,I46.png,3
I46_03_02.png,4.1,I46.png,3
I46_03_03.png,3.3,I46.png,3
I46_03_04.png,2,I46.png,3
I46_03_05.png,1.53,I46.png,3
I47_03_01.png,4.63,I47.png,3
I47_03_02.png,4.27,I47.png,3
I47_03_03.png,3.17,I47.png,3
I47_03_04.png,2.4,I47.png,3
I47_03_05.png,1.7,I47.png,3
I48_03_01.png,4.53,I48.png,3
I48_03_02.png,4.27,I48.png,3
I48_03_03.png,3.23,I48.png,3
I48_03_04.png,2.48,I48.png,3
I48_03_05.png,2.13,I48.png,3
I49_03_01.png,4.73,I49.png,3
I49_03_02.png,4.47,I49.png,3
I49_03_03.png,3,I49.png,3
I49_03_04.png,2.5,I49.png,3
I49_03_05.png,1.8,I49.png,3
I50_03_01.png,4.6,I50.png,3
I50_03_02.png,3.8,I50.png,3
I50_03_03.png,2.77,I50.png,3
I50_03_04.png,2.2,I50.png,3
I50_03_05.png,1.53,I50.png,3
I51_03_01.png,4.77,I51.png,3
I51_03_02.png,4.03,I51.png,3
I51_03_03.png,1.93,I51.png,3
I51_03_04.png,2,I51.png,3
I51_03_05.png,1.23,I51.png,3
I52_03_01.png,4.7,I52.png,3
I52_03_02.png,4.2,I52.png,3
I52_03_03.png,2.67,I52.png,3
I52_03_04.png,1.77,I52.png,3
I52_03_05.png,1.6,I52.png,3
I53_03_01.png,4.73,I53.png,3
I53_03_02.png,4.3,I53.png,3
I53_03_03.png,3.4,I53.png,3
I53_03_04.png,2.53,I53.png,3
I53_03_05.png,1.77,I53.png,3
I54_03_01.png,4.5,I54.png,3
I54_03_02.png,3.6,I54.png,3
I54_03_03.png,2.1,I54.png,3
I54_03_04.png,1.6,I54.png,3
I54_03_05.png,1.43,I54.png,3
I55_03_01.png,4.63,I55.png,3
I55_03_02.png,4,I55.png,3
I55_03_03.png,2.4,I55.png,3
I55_03_04.png,2,I55.png,3
I55_03_05.png,1.57,I55.png,3
I56_03_01.png,4.63,I56.png,3
I56_03_02.png,4.27,I56.png,3
I56_03_03.png,2.43,I56.png,3
I56_03_04.png,1.97,I56.png,3
I56_03_05.png,1.6,I56.png,3
I57_03_01.png,4.6,I57.png,3
I57_03_02.png,3.8,I57.png,3
I57_03_03.png,2.37,I57.png,3
I57_03_04.png,1.87,I57.png,3
I57_03_05.png,1.4,I57.png,3
I58_03_01.png,4.57,I58.png,3
I58_03_02.png,4.47,I58.png,3
I58_03_03.png,3.4,I58.png,3
I58_03_04.png,2.93,I58.png,3
I58_03_05.png,2.27,I58.png,3
I59_03_01.png,4.83,I59.png,3
I59_03_02.png,4.27,I59.png,3
I59_03_03.png,3.43,I59.png,3
I59_03_04.png,2.3,I59.png,3
I59_03_05.png,1.47,I59.png,3
I60_03_01.png,4.63,I60.png,3
I60_03_02.png,4.7,I60.png,3
I60_03_03.png,3.13,I60.png,3
I60_03_04.png,2.77,I60.png,3
I60_03_05.png,1.97,I60.png,3
I61_03_01.png,4.43,I61.png,3
I61_03_02.png,4.03,I61.png,3
I61_03_03.png,2.37,I61.png,3
I61_03_04.png,2,I61.png,3
I61_03_05.png,1.45,I61.png,3
I62_03_01.png,4.27,I62.png,3
I62_03_02.png,3.47,I62.png,3
I62_03_03.png,2.3,I62.png,3
I62_03_04.png,1.8,I62.png,3
I62_03_05.png,1.47,I62.png,3
I63_03_01.png,4.5,I63.png,3
I63_03_02.png,3.83,I63.png,3
I63_03_03.png,2.77,I63.png,3
I63_03_04.png,1.83,I63.png,3
I63_03_05.png,1.5,I63.png,3
I64_03_01.png,4.67,I64.png,3
I64_03_02.png,4.07,I64.png,3
I64_03_03.png,2.9,I64.png,3
I64_03_04.png,2.17,I64.png,3
I64_03_05.png,1.77,I64.png,3
I65_03_01.png,4.7,I65.png,3
I65_03_02.png,4,I65.png,3
I65_03_03.png,2.6,I65.png,3
I65_03_04.png,1.87,I65.png,3
I65_03_05.png,1.5,I65.png,3
I66_03_01.png,4.63,I66.png,3
I66_03_02.png,4.1,I66.png,3
I66_03_03.png,2.83,I66.png,3
I66_03_04.png,2.23,I66.png,3
I66_03_05.png,1.5,I66.png,3
I67_03_01.png,4.5,I67.png,3
I67_03_02.png,4.37,I67.png,3
I67_03_03.png,2.7,I67.png,3
I67_03_04.png,2.5,I67.png,3
I67_03_05.png,1.63,I67.png,3
I68_03_01.png,4.57,I68.png,3
I68_03_02.png,4.1,I68.png,3
I68_03_03.png,2.43,I68.png,3
I68_03_04.png,2,I68.png,3
I68_03_05.png,1.4,I68.png,3
I69_03_01.png,4.5,I69.png,3
I69_03_02.png,4.1,I69.png,3
I69_03_03.png,3.3,I69.png,3
I69_03_04.png,2.4,I69.png,3
I69_03_05.png,1.87,I69.png,3
I70_03_01.png,4.63,I70.png,3
I70_03_02.png,4.5,I70.png,3
I70_03_03.png,2.93,I70.png,3
I70_03_04.png,2.17,I70.png,3
I70_03_05.png,1.73,I70.png,3
I71_03_01.png,4.47,I71.png,3
I71_03_02.png,3.3,I71.png,3
I71_03_03.png,2.87,I71.png,3
I71_03_04.png,2.03,I71.png,3
I71_03_05.png,1.5,I71.png,3
I72_03_01.png,4.53,I72.png,3
I72_03_02.png,4.07,I72.png,3
I72_03_03.png,2.93,I72.png,3
I72_03_04.png,1.9,I72.png,3
I72_03_05.png,1.5,I72.png,3
I73_03_01.png,4.63,I73.png,3
I73_03_02.png,4.43,I73.png,3
I73_03_03.png,3.37,I73.png,3
I73_03_04.png,2.2,I73.png,3
I73_03_05.png,1.77,I73.png,3
I74_03_01.png,4.57,I74.png,3
I74_03_02.png,4.33,I74.png,3
I74_03_03.png,3,I74.png,3
I74_03_04.png,2.27,I74.png,3
I74_03_05.png,1.73,I74.png,3
I75_03_01.png,4.5,I75.png,3
I75_03_02.png,3.97,I75.png,3
I75_03_03.png,2.57,I75.png,3
I75_03_04.png,2.03,I75.png,3
I75_03_05.png,1.8,I75.png,3
I76_03_01.png,4.7,I76.png,3
I76_03_02.png,3.83,I76.png,3
I76_03_03.png,2.53,I76.png,3
I76_03_04.png,1.83,I76.png,3
I76_03_05.png,1.63,I76.png,3
I77_03_01.png,4.65,I77.png,3
I77_03_02.png,4.07,I77.png,3
I77_03_03.png,2.77,I77.png,3
I77_03_04.png,2.07,I77.png,3
I77_03_05.png,1.57,I77.png,3
I78_03_01.png,4.67,I78.png,3
I78_03_02.png,4.48,I78.png,3
I78_03_03.png,2.87,I78.png,3
I78_03_04.png,2.13,I78.png,3
I78_03_05.png,2.1,I78.png,3
I79_03_01.png,4.53,I79.png,3
I79_03_02.png,4.23,I79.png,3
I79_03_03.png,3.3,I79.png,3
I79_03_04.png,2.97,I79.png,3
I79_03_05.png,2.07,I79.png,3
I80_03_01.png,4.5,I80.png,3
I80_03_02.png,4.3,I80.png,3
I80_03_03.png,3.13,I80.png,3
I80_03_04.png,2.73,I80.png,3
I80_03_05.png,1.9,I80.png,3
I81_03_01.png,4.8,I81.png,3
I81_03_02.png,4.27,I81.png,3
I81_03_03.png,2.6,I81.png,3
I81_03_04.png,2.17,I81.png,3
I81_03_05.png,1.53,I81.png,3
I01_09_01.png,4.6,I01.png,9
I01_09_02.png,4.67,I01.png,9
I01_09_03.png,4.4,I01.png,9
I01_09_04.png,2.9,I01.png,9
I01_09_05.png,1.37,I01.png,9
I02_09_01.png,4.57,I02.png,9
I02_09_02.png,3.73,I02.png,9
I02_09_03.png,3.07,I02.png,9
I02_09_04.png,1.53,I02.png,9
I02_09_05.png,1.27,I02.png,9
I03_09_01.png,4.4,I03.png,9
I03_09_02.png,3.6,I03.png,9
I03_09_03.png,3.1,I03.png,9
I03_09_04.png,1.77,I03.png,9
I03_09_05.png,1.1,I03.png,9
I04_09_01.png,4.6,I04.png,9
I04_09_02.png,4.4,I04.png,9
I04_09_03.png,4.07,I04.png,9
I04_09_04.png,1.73,I04.png,9
I04_09_05.png,1.23,I04.png,9
I05_09_01.png,4.3,I05.png,9
I05_09_02.png,2.6,I05.png,9
I05_09_03.png,2.37,I05.png,9
I05_09_04.png,1.57,I05.png,9
I05_09_05.png,1.23,I05.png,9
I06_09_01.png,4.43,I06.png,9
I06_09_02.png,4.37,I06.png,9
I06_09_03.png,4.5,I06.png,9
I06_09_04.png,3.63,I06.png,9
I06_09_05.png,1.9,I06.png,9
I07_09_01.png,4.73,I07.png,9
I07_09_02.png,4.63,I07.png,9
I07_09_03.png,4.63,I07.png,9
I07_09_04.png,3.6,I07.png,9
I07_09_05.png,1.7,I07.png,9
I08_09_01.png,4.5,I08.png,9
I08_09_02.png,4.73,I08.png,9
I08_09_03.png,4.63,I08.png,9
I08_09_04.png,3.53,I08.png,9
I08_09_05.png,1.57,I08.png,9
I09_09_01.png,4.1,I09.png,9
I09_09_02.png,3.33,I09.png,9
I09_09_03.png,2.63,I09.png,9
I09_09_04.png,1.77,I09.png,9
I09_09_05.png,1.17,I09.png,9
I10_09_01.png,4.7,I10.png,9
I10_09_02.png,4.47,I10.png,9
I10_09_03.png,4.03,I10.png,9
I10_09_04.png,1.97,I10.png,9
I10_09_05.png,1.13,I10.png,9
I11_09_01.png,4.63,I11.png,9
I11_09_02.png,4.27,I11.png,9
I11_09_03.png,4.1,I11.png,9
I11_09_04.png,2.27,I11.png,9
I11_09_05.png,1.4,I11.png,9
I12_09_01.png,4.13,I12.png,9
I12_09_02.png,3.07,I12.png,9
I12_09_03.png,2.6,I12.png,9
I12_09_04.png,1.43,I12.png,9
I12_09_05.png,1.1,I12.png,9
I13_09_01.png,4.53,I13.png,9
I13_09_02.png,4.7,I13.png,9
I13_09_03.png,4.48,I13.png,9
I13_09_04.png,3.53,I13.png,9
I13_09_05.png,1.73,I13.png,9
I14_09_01.png,4.53,I14.png,9
I14_09_02.png,4.1,I14.png,9
I14_09_03.png,3.83,I14.png,9
I14_09_04.png,2.37,I14.png,9
I14_09_05.png,1.47,I14.png,9
I15_09_01.png,4.23,I15.png,9
I15_09_02.png,3.8,I15.png,9
I15_09_03.png,3.43,I15.png,9
I15_09_04.png,1.97,I15.png,9
I15_09_05.png,1.23,I15.png,9
I16_09_01.png,4.63,I16.png,9
I16_09_02.png,4.23,I16.png,9
I16_09_03.png,4,I16.png,9
I16_09_04.png,1.61,I16.png,9
I16_09_05.png,1.17,I16.png,9
I17_09_01.png,4.67,I17.png,9
I17_09_02.png,3.13,I17.png,9
I17_09_03.png,2.63,I17.png,9
I17_09_04.png,1.47,I17.png,9
I17_09_05.png,1.13,I17.png,9
I18_09_01.png,4.4,I18.png,9
I18_09_02.png,4.43,I18.png,9
I18_09_03.png,4.27,I18.png,9
I18_09_04.png,2.97,I18.png,9
I18_09_05.png,1.57,I18.png,9
I19_09_01.png,4.63,I19.png,9
I19_09_02.png,4.37,I19.png,9
I19_09_03.png,4.33,I19.png,9
I19_09_04.png,3.37,I19.png,9
I19_09_05.png,1.73,I19.png,9
I20_09_01.png,4.53,I20.png,9
I20_09_02.png,4.4,I20.png,9
I20_09_03.png,3.8,I20.png,9
I20_09_04.png,2.3,I20.png,9
I20_09_05.png,1.37,I20.png,9
I21_09_01.png,4.6,I21.png,9
I21_09_02.png,3.43,I21.png,9
I21_09_03.png,2.17,I21.png,9
I21_09_04.png,1.87,I21.png,9
I21_09_05.png,1.27,I21.png,9
I22_09_01.png,4.73,I22.png,9
I22_09_02.png,4.53,I22.png,9
I22_09_03.png,4.77,I22.png,9
I22_09_04.png,2.97,I22.png,9
I22_09_05.png,1.63,I22.png,9
I23_09_01.png,4.67,I23.png,9
I23_09_02.png,3.8,I23.png,9
I23_09_03.png,3.13,I23.png,9
I23_09_04.png,2,I23.png,9
I23_09_05.png,1.23,I23.png,9
I24_09_01.png,4.37,I24.png,9
I24_09_02.png,4.19,I24.png,9
I24_09_03.png,4.2,I24.png,9
I24_09_04.png,2.13,I24.png,9
I24_09_05.png,1.4,I24.png,9
I25_09_01.png,4.7,I25.png,9
I25_09_02.png,4.6,I25.png,9
I25_09_03.png,4.2,I25.png,9
I25_09_04.png,3.03,I25.png,9
I25_09_05.png,1.53,I25.png,9
I26_09_01.png,4.57,I26.png,9
I26_09_02.png,4.63,I26.png,9
I26_09_03.png,4.3,I26.png,9
I26_09_04.png,2.67,I26.png,9
I26_09_05.png,1.57,I26.png,9
I27_09_01.png,4.47,I27.png,9
I27_09_02.png,4.23,I27.png,9
I27_09_03.png,4.27,I27.png,9
I27_09_04.png,2.37,I27.png,9
I27_09_05.png,1.17,I27.png,9
I28_09_01.png,4.4,I28.png,9
I28_09_02.png,4.23,I28.png,9
I28_09_03.png,4.47,I28.png,9
I28_09_04.png,3,I28.png,9
I28_09_05.png,1.4,I28.png,9
I29_09_01.png,4.67,I29.png,9
I29_09_02.png,4.77,I29.png,9
I29_09_03.png,4.57,I29.png,9
I29_09_04.png,4.23,I29.png,9
I29_09_05.png,2.73,I29.png,9
I30_09_01.png,4.68,I30.png,9
I30_09_02.png,4.6,I30.png,9
I30_09_03.png,4.73,I30.png,9
I30_09_04.png,3.7,I30.png,9
I30_09_05.png,1.73,I30.png,9
I31_09_01.png,4.47,I31.png,9
I31_09_02.png,4.23,I31.png,9
I31_09_03.png,3.97,I31.png,9
I31_09_04.png,2.47,I31.png,9
I31_09_05.png,1.5,I31.png,9
I32_09_01.png,4.47,I32.png,9
I32_09_02.png,4.27,I32.png,9
I32_09_03.png,3.87,I32.png,9
I32_09_04.png,2.1,I32.png,9
I32_09_05.png,1.23,I32.png,9
I33_09_01.png,4.5,I33.png,9
I33_09_02.png,3.97,I33.png,9
I33_09_03.png,3.87,I33.png,9
I33_09_04.png,1.83,I33.png,9
I33_09_05.png,1.33,I33.png,9
I34_09_01.png,4.6,I34.png,9
I34_09_02.png,4.23,I34.png,9
I34_09_03.png,3.9,I34.png,9
I34_09_04.png,2.58,I34.png,9
I34_09_05.png,1.2,I34.png,9
I35_09_01.png,4.77,I35.png,9
I35_09_02.png,4.73,I35.png,9
I35_09_03.png,4,I35.png,9
I35_09_04.png,2.53,I35.png,9
I35_09_05.png,1.3,I35.png,9
I36_09_01.png,4.8,I36.png,9
I36_09_02.png,4.27,I36.png,9
I36_09_03.png,3.67,I36.png,9
I36_09_04.png,1.97,I36.png,9
I36_09_05.png,1.43,I36.png,9
I37_09_01.png,4.47,I37.png,9
I37_09_02.png,3.93,I37.png,9
I37_09_03.png,3.3,I37.png,9
I37_09_04.png,2.23,I37.png,9
I37_09_05.png,1.17,I37.png,9
I38_09_01.png,4.77,I38.png,9
I38_09_02.png,4.77,I38.png,9
I38_09_03.png,4.53,I38.png,9
I38_09_04.png,3.7,I38.png,9
I38_09_05.png,1.83,I38.png,9
I39_09_01.png,4.74,I39.png,9
I39_09_02.png,4.27,I39.png,9
I39_09_03.png,4,I39.png,9
I39_09_04.png,2.13,I39.png,9
I39_09_05.png,1.27,I39.png,9
I40_09_01.png,4.2,I40.png,9
I40_09_02.png,3.33,I40.png,9
I40_09_03.png,3,I40.png,9
I40_09_04.png,1.5,I40.png,9
I40_09_05.png,1.23,I40.png,9
I41_09_01.png,4.67,I41.png,9
I41_09_02.png,4.4,I41.png,9
I41_09_03.png,3.97,I41.png,9
I41_09_04.png,1.83,I41.png,9
I41_09_05.png,1.4,I41.png,9
I42_09_01.png,4.73,I42.png,9
I42_09_02.png,4.23,I42.png,9
I42_09_03.png,3.83,I42.png,9
I42_09_04.png,2.39,I42.png,9
I42_09_05.png,1.23,I42.png,9
I43_09_01.png,4.87,I43.png,9
I43_09_02.png,4.73,I43.png,9
I43_09_03.png,4.37,I43.png,9
I43_09_04.png,3.3,I43.png,9
I43_09_05.png,1.53,I43.png,9
I44_09_01.png,4.73,I44.png,9
I44_09_02.png,4.57,I44.png,9
I44_09_03.png,4.4,I44.png,9
I44_09_04.png,3.1,I44.png,9
I44_09_05.png,1.33,I44.png,9
I45_09_01.png,4.5,I45.png,9
I45_09_02.png,4.47,I45.png,9
I45_09_03.png,3.23,I45.png,9
I45_09_04.png,2.03,I45.png,9
I45_09_05.png,1.13,I45.png,9
I46_09_01.png,4.53,I46.png,9
I46_09_02.png,4.1,I46.png,9
I46_09_03.png,3.67,I46.png,9
I46_09_04.png,1.97,I46.png,9
I46_09_05.png,1.17,I46.png,9
I47_09_01.png,4.67,I47.png,9
I47_09_02.png,4.2,I47.png,9
I47_09_03.png,4.4,I47.png,9
I47_09_04.png,3.13,I47.png,9
I47_09_05.png,1.47,I47.png,9
I48_09_01.png,4.5,I48.png,9
I48_09_02.png,4.57,I48.png,9
I48_09_03.png,4.63,I48.png,9
I48_09_04.png,3.55,I48.png,9
I48_09_05.png,1.47,I48.png,9
I49_09_01.png,4.7,I49.png,9
I49_09_02.png,4.63,I49.png,9
I49_09_03.png,4.52,I49.png,9
I49_09_04.png,3.63,I49.png,9
I49_09_05.png,1.67,I49.png,9
I50_09_01.png,4.43,I50.png,9
I50_09_02.png,4.3,I50.png,9
I50_09_03.png,3.83,I50.png,9
I50_09_04.png,2.63,I50.png,9
I50_09_05.png,1.27,I50.png,9
I51_09_01.png,4.8,I51.png,9
I51_09_02.png,4.47,I51.png,9
I51_09_03.png,3.77,I51.png,9
I51_09_04.png,1.93,I51.png,9
I51_09_05.png,1.37,I51.png,9
I52_09_01.png,4.53,I52.png,9
I52_09_02.png,3.5,I52.png,9
I52_09_03.png,2.53,I52.png,9
I52_09_04.png,1.5,I52.png,9
I52_09_05.png,1.23,I52.png,9
I53_09_01.png,4.53,I53.png,9
I53_09_02.png,4.77,I53.png,9
I53_09_03.png,4.6,I53.png,9
I53_09_04.png,3.6,I53.png,9
I53_09_05.png,1.73,I53.png,9
I54_09_01.png,4.3,I54.png,9
I54_09_02.png,4.03,I54.png,9
I54_09_03.png,3.9,I54.png,9
I54_09_04.png,2.6,I54.png,9
I54_09_05.png,1.17,I54.png,9
I55_09_01.png,4.43,I55.png,9
I55_09_02.png,3.77,I55.png,9
I55_09_03.png,3.6,I55.png,9
I55_09_04.png,2.07,I55.png,9
I55_09_05.png,1.23,I55.png,9
I56_09_01.png,4.4,I56.png,9
I56_09_02.png,4.67,I56.png,9
I56_09_03.png,4.67,I56.png,9
I56_09_04.png,3.07,I56.png,9
I56_09_05.png,1.57,I56.png,9
I57_09_01.png,4.58,I57.png,9
I57_09_02.png,3.6,I57.png,9
I57_09_03.png,3.3,I57.png,9
I57_09_04.png,2.23,I57.png,9
I57_09_05.png,1.23,I57.png,9
I58_09_01.png,4.63,I58.png,9
I58_09_02.png,4.5,I58.png,9
I58_09_03.png,4.63,I58.png,9
I58_09_04.png,3.52,I58.png,9
I58_09_05.png,1.8,I58.png,9
I59_09_01.png,4.63,I59.png,9
I59_09_02.png,4.6,I59.png,9
I59_09_03.png,4.4,I59.png,9
I59_09_04.png,3.1,I59.png,9
I59_09_05.png,1.3,I59.png,9
I60_09_01.png,4.53,I60.png,9
I60_09_02.png,4.13,I60.png,9
I60_09_03.png,4.33,I60.png,9
I60_09_04.png,2.33,I60.png,9
I60_09_05.png,1.4,I60.png,9
I61_09_01.png,4.67,I61.png,9
I61_09_02.png,3.4,I61.png,9
I61_09_03.png,3.4,I61.png,9
I61_09_04.png,1.6,I61.png,9
I61_09_05.png,1.23,I61.png,9
I62_09_01.png,4.43,I62.png,9
I62_09_02.png,3.9,I62.png,9
I62_09_03.png,3.23,I62.png,9
I62_09_04.png,1.73,I62.png,9
I62_09_05.png,1.57,I62.png,9
I63_09_01.png,4.57,I63.png,9
I63_09_02.png,3.93,I63.png,9
I63_09_03.png,3.43,I63.png,9
I63_09_04.png,2,I63.png,9
I63_09_05.png,1.2,I63.png,9
I64_09_01.png,4.33,I64.png,9
I64_09_02.png,4.1,I64.png,9
I64_09_03.png,3.67,I64.png,9
I64_09_04.png,2.1,I64.png,9
I64_09_05.png,1.33,I64.png,9
I65_09_01.png,4.5,I65.png,9
I65_09_02.png,4.4,I65.png,9
I65_09_03.png,3.4,I65.png,9
I65_09_04.png,1.9,I65.png,9
I65_09_05.png,1.3,I65.png,9
I66_09_01.png,4.37,I66.png,9
I66_09_02.png,4.37,I66.png,9
I66_09_03.png,4.17,I66.png,9
I66_09_04.png,2.23,I66.png,9
I66_09_05.png,1.27,I66.png,9
I67_09_01.png,4.67,I67.png,9
I67_09_02.png,4.27,I67.png,9
I67_09_03.png,3.6,I67.png,9
I67_09_04.png,2.07,I67.png,9
I67_09_05.png,1.13,I67.png,9
I68_09_01.png,4.67,I68.png,9
I68_09_02.png,4.2,I68.png,9
I68_09_03.png,3.65,I68.png,9
I68_09_04.png,2.07,I68.png,9
I68_09_05.png,1.27,I68.png,9
I69_09_01.png,4.3,I69.png,9
I69_09_02.png,4.67,I69.png,9
I69_09_03.png,4.2,I69.png,9
I69_09_04.png,3.1,I69.png,9
I69_09_05.png,1.53,I69.png,9
I70_09_01.png,4.6,I70.png,9
I70_09_02.png,4.53,I70.png,9
I70_09_03.png,4.07,I70.png,9
I70_09_04.png,2.07,I70.png,9
I70_09_05.png,1.23,I70.png,9
I71_09_01.png,4.53,I71.png,9
I71_09_02.png,3.87,I71.png,9
I71_09_03.png,3.6,I71.png,9
I71_09_04.png,1.87,I71.png,9
I71_09_05.png,1.07,I71.png,9
I72_09_01.png,4.47,I72.png,9
I72_09_02.png,4.4,I72.png,9
I72_09_03.png,4.06,I72.png,9
I72_09_04.png,2.17,I72.png,9
I72_09_05.png,1.4,I72.png,9
I73_09_01.png,4.73,I73.png,9
I73_09_02.png,3.93,I73.png,9
I73_09_03.png,2.93,I73.png,9
I73_09_04.png,1.8,I73.png,9
I73_09_05.png,1.43,I73.png,9
I74_09_01.png,4.4,I74.png,9
I74_09_02.png,4.57,I74.png,9
I74_09_03.png,4.03,I74.png,9
I74_09_04.png,2.57,I74.png,9
I74_09_05.png,1.23,I74.png,9
I75_09_01.png,4.5,I75.png,9
I75_09_02.png,4.53,I75.png,9
I75_09_03.png,4.6,I75.png,9
I75_09_04.png,3.4,I75.png,9
I75_09_05.png,1.8,I75.png,9
I76_09_01.png,4.23,I76.png,9
I76_09_02.png,3.5,I76.png,9
I76_09_03.png,3.1,I76.png,9
I76_09_04.png,1.6,I76.png,9
I76_09_05.png,1.47,I76.png,9
I77_09_01.png,4.83,I77.png,9
I77_09_02.png,4.13,I77.png,9
I77_09_03.png,3.83,I77.png,9
I77_09_04.png,2.27,I77.png,9
I77_09_05.png,1.39,I77.png,9
I78_09_01.png,4.68,I78.png,9
I78_09_02.png,4.43,I78.png,9
I78_09_03.png,4,I78.png,9
I78_09_04.png,2.4,I78.png,9
I78_09_05.png,1.2,I78.png,9
I79_09_01.png,4.73,I79.png,9
I79_09_02.png,4.43,I79.png,9
I79_09_03.png,4.26,I79.png,9
I79_09_04.png,2.23,I79.png,9
I79_09_05.png,1.23,I79.png,9
I80_09_01.png,4.7,I80.png,9
I80_09_02.png,4.03,I80.png,9
I80_09_03.png,3.74,I80.png,9
I80_09_04.png,2.57,I80.png,9
I80_09_05.png,1.87,I80.png,9
I81_09_01.png,4.71,I81.png,9
I81_09_02.png,4.71,I81.png,9
I81_09_03.png,4.37,I81.png,9
I81_09_04.png,2.47,I81.png,9
I81_09_05.png,1.33,I81.png,9
I01_10_01.png,4.37,I01.png,10
I01_10_02.png,3.93,I01.png,10
I01_10_03.png,3.77,I01.png,10
I01_10_04.png,1.58,I01.png,10
I01_10_05.png,1.17,I01.png,10
I02_10_01.png,4.6,I02.png,10
I02_10_02.png,4.33,I02.png,10
I02_10_03.png,4.13,I02.png,10
I02_10_04.png,2.6,I02.png,10
I02_10_05.png,1.6,I02.png,10
I03_10_01.png,4.47,I03.png,10
I03_10_02.png,4.17,I03.png,10
I03_10_03.png,3.7,I03.png,10
I03_10_04.png,2.23,I03.png,10
I03_10_05.png,1.53,I03.png,10
I04_10_01.png,4.27,I04.png,10
I04_10_02.png,4.1,I04.png,10
I04_10_03.png,3.87,I04.png,10
I04_10_04.png,1.87,I04.png,10
I04_10_05.png,1.23,I04.png,10
I05_10_01.png,4.43,I05.png,10
I05_10_02.png,4.4,I05.png,10
I05_10_03.png,4.3,I05.png,10
I05_10_04.png,2.47,I05.png,10
I05_10_05.png,1.27,I05.png,10
I06_10_01.png,4.6,I06.png,10
I06_10_02.png,4.47,I06.png,10
I06_10_03.png,4.33,I06.png,10
I06_10_04.png,1.6,I06.png,10
I06_10_05.png,1.23,I06.png,10
I07_10_01.png,4.1,I07.png,10
I07_10_02.png,3.87,I07.png,10
I07_10_03.png,3.87,I07.png,10
I07_10_04.png,1.6,I07.png,10
I07_10_05.png,1.23,I07.png,10
I08_10_01.png,4.57,I08.png,10
I08_10_02.png,4.3,I08.png,10
I08_10_03.png,3.83,I08.png,10
I08_10_04.png,1.5,I08.png,10
I08_10_05.png,1.2,I08.png,10
I09_10_01.png,3.93,I09.png,10
I09_10_02.png,4.37,I09.png,10
I09_10_03.png,3.67,I09.png,10
I09_10_04.png,1.93,I09.png,10
I09_10_05.png,1.23,I09.png,10
I10_10_01.png,4.07,I10.png,10
I10_10_02.png,4.23,I10.png,10
I10_10_03.png,3.4,I10.png,10
I10_10_04.png,1.57,I10.png,10
I10_10_05.png,1.17,I10.png,10
I11_10_01.png,4.43,I11.png,10
I11_10_02.png,4.17,I11.png,10
I11_10_03.png,4.03,I11.png,10
I11_10_04.png,1.63,I11.png,10
I11_10_05.png,1.16,I11.png,10
I12_10_01.png,4.5,I12.png,10
I12_10_02.png,4.3,I12.png,10
I12_10_03.png,4,I12.png,10
I12_10_04.png,2.66,I12.png,10
I12_10_05.png,1.93,I12.png,10
I13_10_01.png,4.67,I13.png,10
I13_10_02.png,4.53,I13.png,10
I13_10_03.png,3.8,I13.png,10
I13_10_04.png,2.03,I13.png,10
I13_10_05.png,1.57,I13.png,10
I14_10_01.png,4.3,I14.png,10
I14_10_02.png,4.33,I14.png,10
I14_10_03.png,3.73,I14.png,10
I14_10_04.png,2.2,I14.png,10
I14_10_05.png,1.37,I14.png,10
I15_10_01.png,4,I15.png,10
I15_10_02.png,4.2,I15.png,10
I15_10_03.png,3.67,I15.png,10
I15_10_04.png,1.77,I15.png,10
I15_10_05.png,1.33,I15.png,10
I16_10_01.png,4,I16.png,10
I16_10_02.png,4.23,I16.png,10
I16_10_03.png,3.9,I16.png,10
I16_10_04.png,2.03,I16.png,10
I16_10_05.png,1.4,I16.png,10
I17_10_01.png,4.47,I17.png,10
I17_10_02.png,4.43,I17.png,10
I17_10_03.png,4.37,I17.png,10
I17_10_04.png,2.47,I17.png,10
I17_10_05.png,1.2,I17.png,10
I18_10_01.png,4.07,I18.png,10
I18_10_02.png,3.6,I18.png,10
I18_10_03.png,3.1,I18.png,10
I18_10_04.png,1.67,I18.png,10
I18_10_05.png,1.17,I18.png,10
I19_10_01.png,4,I19.png,10
I19_10_02.png,3.87,I19.png,10
I19_10_03.png,3.87,I19.png,10
I19_10_04.png,2.03,I19.png,10
I19_10_05.png,1.3,I19.png,10
I20_10_01.png,4.13,I20.png,10
I20_10_02.png,3.9,I20.png,10
I20_10_03.png,3.53,I20.png,10
I20_10_04.png,1.67,I20.png,10
I20_10_05.png,1.23,I20.png,10
I21_10_01.png,4.23,I21.png,10
I21_10_02.png,3.9,I21.png,10
I21_10_03.png,3.53,I21.png,10
I21_10_04.png,1.93,I21.png,10
I21_10_05.png,1.17,I21.png,10
I22_10_01.png,4.47,I22.png,10
I22_10_02.png,4.43,I22.png,10
I22_10_03.png,4.03,I22.png,10
I22_10_04.png,1.83,I22.png,10
I22_10_05.png,1.47,I22.png,10
I23_10_01.png,4.57,I23.png,10
I23_10_02.png,4.4,I23.png,10
I23_10_03.png,4.13,I23.png,10
I23_10_04.png,2.57,I23.png,10
I23_10_05.png,1.7,I23.png,10
I24_10_01.png,4.47,I24.png,10
I24_10_02.png,4.3,I24.png,10
I24_10_03.png,3.97,I24.png,10
I24_10_04.png,1.9,I24.png,10
I24_10_05.png,1.57,I24.png,10
I25_10_01.png,4.53,I25.png,10
I25_10_02.png,4.63,I25.png,10
I25_10_03.png,4.3,I25.png,10
I25_10_04.png,1.6,I25.png,10
I25_10_05.png,1.07,I25.png,10
I26_10_01.png,4.6,I26.png,10
I26_10_02.png,4.1,I26.png,10
I26_10_03.png,3.93,I26.png,10
I26_10_04.png,2.53,I26.png,10
I26_10_05.png,1.5,I26.png,10
I27_10_01.png,3.97,I27.png,10
I27_10_02.png,3.9,I27.png,10
I27_10_03.png,3.57,I27.png,10
I27_10_04.png,1.67,I27.png,10
I27_10_05.png,1.47,I27.png,10
I28_10_01.png,4.23,I28.png,10
I28_10_02.png,4.13,I28.png,10
I28_10_03.png,3.8,I28.png,10
I28_10_04.png,2.03,I28.png,10
I28_10_05.png,1.3,I28.png,10
I29_10_01.png,4.53,I29.png,10
I29_10_02.png,4.33,I29.png,10
I29_10_03.png,3.63,I29.png,10
I29_10_04.png,2,I29.png,10
I29_10_05.png,1.3,I29.png,10
I30_10_01.png,4.53,I30.png,10
I30_10_02.png,4.47,I30.png,10
I30_10_03.png,4.37,I30.png,10
I30_10_04.png,1.77,I30.png,10
I30_10_05.png,1.23,I30.png,10
I31_10_01.png,4.63,I31.png,10
I31_10_02.png,4.63,I31.png,10
I31_10_03.png,4.27,I31.png,10
I31_10_04.png,2.03,I31.png,10
I31_10_05.png,1.67,I31.png,10
I32_10_01.png,4.03,I32.png,10
I32_10_02.png,3.97,I32.png,10
I32_10_03.png,3.27,I32.png,10
I32_10_04.png,1.7,I32.png,10
I32_10_05.png,1.23,I32.png,10
I33_10_01.png,3.9,I33.png,10
I33_10_02.png,4.1,I33.png,10
I33_10_03.png,3.6,I33.png,10
I33_10_04.png,1.47,I33.png,10
I33_10_05.png,1.3,I33.png,10
I34_10_01.png,4.5,I34.png,10
I34_10_02.png,4.5,I34.png,10
I34_10_03.png,3.8,I34.png,10
I34_10_04.png,1.53,I34.png,10
I34_10_05.png,1.17,I34.png,10
I35_10_01.png,4.53,I35.png,10
I35_10_02.png,4.43,I35.png,10
I35_10_03.png,4.07,I35.png,10
I35_10_04.png,1.8,I35.png,10
I35_10_05.png,1.47,I35.png,10
I36_10_01.png,4.33,I36.png,10
I36_10_02.png,4.43,I36.png,10
I36_10_03.png,4.17,I36.png,10
I36_10_04.png,2.07,I36.png,10
I36_10_05.png,1.43,I36.png,10
I37_10_01.png,4.03,I37.png,10
I37_10_02.png,3.9,I37.png,10
I37_10_03.png,3.53,I37.png,10
I37_10_04.png,1.77,I37.png,10
I37_10_05.png,1.13,I37.png,10
I38_10_01.png,4.2,I38.png,10
I38_10_02.png,4.32,I38.png,10
I38_10_03.png,3.2,I38.png,10
I38_10_04.png,1.77,I38.png,10
I38_10_05.png,1.17,I38.png,10
I39_10_01.png,4.5,I39.png,10
I39_10_02.png,4.53,I39.png,10
I39_10_03.png,4.07,I39.png,10
I39_10_04.png,2.13,I39.png,10
I39_10_05.png,1.43,I39.png,10
I40_10_01.png,4.2,I40.png,10
I40_10_02.png,4.2,I40.png,10
I40_10_03.png,3.97,I40.png,10
I40_10_04.png,2.5,I40.png,10
I40_10_05.png,1.57,I40.png,10
I41_10_01.png,4.6,I41.png,10
I41_10_02.png,4.17,I41.png,10
I41_10_03.png,4.03,I41.png,10
I41_10_04.png,1.77,I41.png,10
I41_10_05.png,1.17,I41.png,10
I42_10_01.png,4.3,I42.png,10
I42_10_02.png,4.33,I42.png,10
I42_10_03.png,3.8,I42.png,10
I42_10_04.png,2.3,I42.png,10
I42_10_05.png,1.43,I42.png,10
I43_10_01.png,4.67,I43.png,10
I43_10_02.png,4.6,I43.png,10
I43_10_03.png,4.33,I43.png,10
I43_10_04.png,2.07,I43.png,10
I43_10_05.png,1.67,I43.png,10
I44_10_01.png,4.53,I44.png,10
I44_10_02.png,4.4,I44.png,10
I44_10_03.png,3.87,I44.png,10
I44_10_04.png,2.33,I44.png,10
I44_10_05.png,1.37,I44.png,10
I45_10_01.png,4.1,I45.png,10
I45_10_02.png,4.06,I45.png,10
I45_10_03.png,3.58,I45.png,10
I45_10_04.png,1.53,I45.png,10
I45_10_05.png,1.13,I45.png,10
I46_10_01.png,4.67,I46.png,10
I46_10_02.png,4.43,I46.png,10
I46_10_03.png,4.13,I46.png,10
I46_10_04.png,2.03,I46.png,10
I46_10_05.png,1.4,I46.png,10
I47_10_01.png,4.37,I47.png,10
I47_10_02.png,4.3,I47.png,10
I47_10_03.png,3.87,I47.png,10
I47_10_04.png,1.93,I47.png,10
I47_10_05.png,1.3,I47.png,10
I48_10_01.png,4.7,I48.png,10
I48_10_02.png,4.5,I48.png,10
I48_10_03.png,4.17,I48.png,10
I48_10_04.png,1.8,I48.png,10
I48_10_05.png,1.17,I48.png,10
I49_10_01.png,4.57,I49.png,10
I49_10_02.png,4.47,I49.png,10
I49_10_03.png,4.3,I49.png,10
I49_10_04.png,1.8,I49.png,10
I49_10_05.png,1.37,I49.png,10
I50_10_01.png,4.17,I50.png,10
I50_10_02.png,4.4,I50.png,10
I50_10_03.png,4.03,I50.png,10
I50_10_04.png,2.27,I50.png,10
I50_10_05.png,1.1,I50.png,10
I51_10_01.png,4.2,I51.png,10
I51_10_02.png,4.13,I51.png,10
I51_10_03.png,3.67,I51.png,10
I51_10_04.png,1.7,I51.png,10
I51_10_05.png,1.23,I51.png,10
I52_10_01.png,3.93,I52.png,10
I52_10_02.png,3.7,I52.png,10
I52_10_03.png,3.37,I52.png,10
I52_10_04.png,1.7,I52.png,10
I52_10_05.png,1.2,I52.png,10
I53_10_01.png,4.57,I53.png,10
I53_10_02.png,4.53,I53.png,10
I53_10_03.png,3.53,I53.png,10
I53_10_04.png,1.83,I53.png,10
I53_10_05.png,1.27,I53.png,10
I54_10_01.png,4.23,I54.png,10
I54_10_02.png,4.3,I54.png,10
I54_10_03.png,3.6,I54.png,10
I54_10_04.png,2,I54.png,10
I54_10_05.png,1.27,I54.png,10
I55_10_01.png,4.23,I55.png,10
I55_10_02.png,4.37,I55.png,10
I55_10_03.png,4.27,I55.png,10
I55_10_04.png,1.87,I55.png,10
I55_10_05.png,1.23,I55.png,10
I56_10_01.png,4.55,I56.png,10
I56_10_02.png,4.13,I56.png,10
I56_10_03.png,3.83,I56.png,10
I56_10_04.png,1.67,I56.png,10
I56_10_05.png,1.2,I56.png,10
I57_10_01.png,4.23,I57.png,10
I57_10_02.png,4.23,I57.png,10
I57_10_03.png,3.83,I57.png,10
I57_10_04.png,2.23,I57.png,10
I57_10_05.png,1.37,I57.png,10
I58_10_01.png,4.03,I58.png,10
I58_10_02.png,4.17,I58.png,10
I58_10_03.png,3.3,I58.png,10
I58_10_04.png,1.8,I58.png,10
I58_10_05.png,1.53,I58.png,10
I59_10_01.png,4.77,I59.png,10
I59_10_02.png,4.77,I59.png,10
I59_10_03.png,4.5,I59.png,10
I59_10_04.png,2.5,I59.png,10
I59_10_05.png,1.47,I59.png,10
I60_10_01.png,4.57,I60.png,10
I60_10_02.png,4.37,I60.png,10
I60_10_03.png,4.16,I60.png,10
I60_10_04.png,2.43,I60.png,10
I60_10_05.png,1.47,I60.png,10
I61_10_01.png,4.27,I61.png,10
I61_10_02.png,4.1,I61.png,10
I61_10_03.png,3.63,I61.png,10
I61_10_04.png,1.93,I61.png,10
I61_10_05.png,1.47,I61.png,10
I62_10_01.png,4.23,I62.png,10
I62_10_02.png,4.23,I62.png,10
I62_10_03.png,3.93,I62.png,10
I62_10_04.png,1.77,I62.png,10
I62_10_05.png,1.47,I62.png,10
I63_10_01.png,4.07,I63.png,10
I63_10_02.png,4.3,I63.png,10
I63_10_03.png,3.9,I63.png,10
I63_10_04.png,2.33,I63.png,10
I63_10_05.png,1.7,I63.png,10
I64_10_01.png,4.23,I64.png,10
I64_10_02.png,3.93,I64.png,10
I64_10_03.png,3.97,I64.png,10
I64_10_04.png,2.13,I64.png,10
I64_10_05.png,1.4,I64.png,10
I65_10_01.png,4.43,I65.png,10
I65_10_02.png,4.4,I65.png,10
I65_10_03.png,3.77,I65.png,10
I65_10_04.png,1.53,I65.png,10
I65_10_05.png,1.23,I65.png,10
I66_10_01.png,4.43,I66.png,10
I66_10_02.png,4.5,I66.png,10
I66_10_03.png,3.97,I66.png,10
I66_10_04.png,2.1,I66.png,10
I66_10_05.png,1.47,I66.png,10
I67_10_01.png,4.4,I67.png,10
I67_10_02.png,4.3,I67.png,10
I67_10_03.png,3.97,I67.png,10
I67_10_04.png,1.87,I67.png,10
I67_10_05.png,1.1,I67.png,10
I68_10_01.png,4.2,I68.png,10
I68_10_02.png,4.13,I68.png,10
I68_10_03.png,3.6,I68.png,10
I68_10_04.png,1.97,I68.png,10
I68_10_05.png,1.23,I68.png,10
I69_10_01.png,4.07,I69.png,10
I69_10_02.png,4.07,I69.png,10
I69_10_03.png,4,I69.png,10
I69_10_04.png,2.03,I69.png,10
I69_10_05.png,1.27,I69.png,10
I70_10_01.png,4.5,I70.png,10
I70_10_02.png,4.4,I70.png,10
I70_10_03.png,3.97,I70.png,10
I70_10_04.png,2.23,I70.png,10
I70_10_05.png,1.23,I70.png,10
I71_10_01.png,4.27,I71.png,10
I71_10_02.png,3.87,I71.png,10
I71_10_03.png,3.19,I71.png,10
I71_10_04.png,1.43,I71.png,10
I71_10_05.png,1.33,I71.png,10
I72_10_01.png,4.17,I72.png,10
I72_10_02.png,4.03,I72.png,10
I72_10_03.png,3.9,I72.png,10
I72_10_04.png,1.83,I72.png,10
I72_10_05.png,1.4,I72.png,10
I73_10_01.png,4.53,I73.png,10
I73_10_02.png,4.07,I73.png,10
I73_10_03.png,3.63,I73.png,10
I73_10_04.png,2,I73.png,10
I73_10_05.png,1.27,I73.png,10
I74_10_01.png,4.37,I74.png,10
I74_10_02.png,4.5,I74.png,10
I74_10_03.png,4.13,I74.png,10
I74_10_04.png,2.9,I74.png,10
I74_10_05.png,2.03,I74.png,10
I75_10_01.png,4.13,I75.png,10
I75_10_02.png,4.13,I75.png,10
I75_10_03.png,3.77,I75.png,10
I75_10_04.png,1.6,I75.png,10
I75_10_05.png,1.23,I75.png,10
I76_10_01.png,4.4,I76.png,10
I76_10_02.png,4.07,I76.png,10
I76_10_03.png,3.8,I76.png,10
I76_10_04.png,1.87,I76.png,10
I76_10_05.png,1.4,I76.png,10
I77_10_01.png,4.47,I77.png,10
I77_10_02.png,4.37,I77.png,10
I77_10_03.png,4.3,I77.png,10
I77_10_04.png,2.03,I77.png,10
I77_10_05.png,1.39,I77.png,10
I78_10_01.png,4.57,I78.png,10
I78_10_02.png,4.3,I78.png,10
I78_10_03.png,3.8,I78.png,10
I78_10_04.png,1.6,I78.png,10
I78_10_05.png,1.37,I78.png,10
I79_10_01.png,4.23,I79.png,10
I79_10_02.png,4.03,I79.png,10
I79_10_03.png,4.03,I79.png,10
I79_10_04.png,2.13,I79.png,10
I79_10_05.png,1.43,I79.png,10
I80_10_01.png,4.43,I80.png,10
I80_10_02.png,4.5,I80.png,10
I80_10_03.png,4.27,I80.png,10
I80_10_04.png,1.6,I80.png,10
I80_10_05.png,1.5,I80.png,10
I81_10_01.png,4.03,I81.png,10
I81_10_02.png,3.97,I81.png,10
I81_10_03.png,3.35,I81.png,10
I81_10_04.png,1.43,I81.png,10
I81_10_05.png,1.23,I81.png,10
I01_14_01.png,4.57,I01.png,14
I01_14_02.png,3.57,I01.png,14
I01_14_03.png,3.13,I01.png,14
I01_14_04.png,2.5,I01.png,14
I01_14_05.png,2.27,I01.png,14
I02_14_01.png,4.33,I02.png,14
I02_14_02.png,3.37,I02.png,14
I02_14_03.png,2.7,I02.png,14
I02_14_04.png,2.33,I02.png,14
I02_14_05.png,2,I02.png,14
I03_14_01.png,4.4,I03.png,14
I03_14_02.png,3.5,I03.png,14
I03_14_03.png,3.03,I03.png,14
I03_14_04.png,2.53,I03.png,14
I03_14_05.png,2.17,I03.png,14
I04_14_01.png,4.53,I04.png,14
I04_14_02.png,3.23,I04.png,14
I04_14_03.png,2.83,I04.png,14
I04_14_04.png,2.4,I04.png,14
I04_14_05.png,2.1,I04.png,14
I05_14_01.png,4.37,I05.png,14
I05_14_02.png,4.37,I05.png,14
I05_14_03.png,4.47,I05.png,14
I05_14_04.png,4.2,I05.png,14
I05_14_05.png,3.61,I05.png,14
I06_14_01.png,4.43,I06.png,14
I06_14_02.png,3.63,I06.png,14
I06_14_03.png,3.1,I06.png,14
I06_14_04.png,2.7,I06.png,14
I06_14_05.png,2.07,I06.png,14
I07_14_01.png,4.1,I07.png,14
I07_14_02.png,2.77,I07.png,14
I07_14_03.png,2.6,I07.png,14
I07_14_04.png,2.17,I07.png,14
I07_14_05.png,1.6,I07.png,14
I08_14_01.png,4.7,I08.png,14
I08_14_02.png,3.6,I08.png,14
I08_14_03.png,2.67,I08.png,14
I08_14_04.png,2.6,I08.png,14
I08_14_05.png,2.17,I08.png,14
I09_14_01.png,4.33,I09.png,14
I09_14_02.png,3.1,I09.png,14
I09_14_03.png,2.9,I09.png,14
I09_14_04.png,2.27,I09.png,14
I09_14_05.png,1.63,I09.png,14
I10_14_01.png,4.5,I10.png,14
I10_14_02.png,3.2,I10.png,14
I10_14_03.png,2.47,I10.png,14
I10_14_04.png,2.07,I10.png,14
I10_14_05.png,1.87,I10.png,14
I11_14_01.png,4.57,I11.png,14
I11_14_02.png,3.8,I11.png,14
I11_14_03.png,2.8,I11.png,14
I11_14_04.png,2.63,I11.png,14
I11_14_05.png,2.23,I11.png,14
I12_14_01.png,4.4,I12.png,14
I12_14_02.png,4.47,I12.png,14
I12_14_03.png,3.5,I12.png,14
I12_14_04.png,3.19,I12.png,14
I12_14_05.png,2.47,I12.png,14
I13_14_01.png,4.37,I13.png,14
I13_14_02.png,3.9,I13.png,14
I13_14_03.png,3.4,I13.png,14
I13_14_04.png,2.8,I13.png,14
I13_14_05.png,2.3,I13.png,14
I14_14_01.png,3.93,I14.png,14
I14_14_02.png,2.77,I14.png,14
I14_14_03.png,2.63,I14.png,14
I14_14_04.png,2.37,I14.png,14
I14_14_05.png,2.13,I14.png,14
I15_14_01.png,4.03,I15.png,14
I15_14_02.png,3.27,I15.png,14
I15_14_03.png,2.67,I15.png,14
I15_14_04.png,2.63,I15.png,14
I15_14_05.png,1.87,I15.png,14
I16_14_01.png,4.2,I16.png,14
I16_14_02.png,3.17,I16.png,14
I16_14_03.png,3.23,I16.png,14
I16_14_04.png,2.27,I16.png,14
I16_14_05.png,1.9,I16.png,14
I17_14_01.png,4.5,I17.png,14
I17_14_02.png,4.7,I17.png,14
I17_14_03.png,4.5,I17.png,14
I17_14_04.png,4.03,I17.png,14
I17_14_05.png,2.53,I17.png,14
I18_14_01.png,4.07,I18.png,14
I18_14_02.png,3.03,I18.png,14
I18_14_03.png,2.67,I18.png,14
I18_14_04.png,2.23,I18.png,14
I18_14_05.png,1.93,I18.png,14
I19_14_01.png,4.2,I19.png,14
I19_14_02.png,3,I19.png,14
I19_14_03.png,2.57,I19.png,14
I19_14_04.png,2.47,I19.png,14
I19_14_05.png,1.73,I19.png,14
I20_14_01.png,4.07,I20.png,14
I20_14_02.png,3.37,I20.png,14
I20_14_03.png,3.17,I20.png,14
I20_14_04.png,2.43,I20.png,14
I20_14_05.png,2.1,I20.png,14
I21_14_01.png,4.47,I21.png,14
I21_14_02.png,3.52,I21.png,14
I21_14_03.png,3.07,I21.png,14
I21_14_04.png,2.73,I21.png,14
I21_14_05.png,2.27,I21.png,14
I22_14_01.png,4.53,I22.png,14
I22_14_02.png,3.23,I22.png,14
I22_14_03.png,3,I22.png,14
I22_14_04.png,2.61,I22.png,14
I22_14_05.png,1.97,I22.png,14
I23_14_01.png,4.53,I23.png,14
I23_14_02.png,3.47,I23.png,14
I23_14_03.png,3.03,I23.png,14
I23_14_04.png,2.9,I23.png,14
I23_14_05.png,2.27,I23.png,14
I24_14_01.png,4.3,I24.png,14
I24_14_02.png,2.97,I24.png,14
I24_14_03.png,2.8,I24.png,14
I24_14_04.png,2.3,I24.png,14
I24_14_05.png,1.93,I24.png,14
I25_14_01.png,4.57,I25.png,14
I25_14_02.png,4.03,I25.png,14
I25_14_03.png,3.63,I25.png,14
I25_14_04.png,2.27,I25.png,14
I25_14_05.png,1.83,I25.png,14
I26_14_01.png,4.67,I26.png,14
I26_14_02.png,3.84,I26.png,14
I26_14_03.png,3.03,I26.png,14
I26_14_04.png,2.73,I26.png,14
I26_14_05.png,2.23,I26.png,14
I27_14_01.png,3.67,I27.png,14
I27_14_02.png,2.97,I27.png,14
I27_14_03.png,2.16,I27.png,14
I27_14_04.png,2.1,I27.png,14
I27_14_05.png,1.63,I27.png,14
I28_14_01.png,4.57,I28.png,14
I28_14_02.png,3.97,I28.png,14
I28_14_03.png,3.37,I28.png,14
I28_14_04.png,2.73,I28.png,14
I28_14_05.png,2.43,I28.png,14
I29_14_01.png,4.63,I29.png,14
I29_14_02.png,4.43,I29.png,14
I29_14_03.png,3.7,I29.png,14
I29_14_04.png,3.07,I29.png,14
I29_14_05.png,2.17,I29.png,14
I30_14_01.png,4.4,I30.png,14
I30_14_02.png,3.17,I30.png,14
I30_14_03.png,2.83,I30.png,14
I30_14_04.png,2.3,I30.png,14
I30_14_05.png,2.1,I30.png,14
I31_14_01.png,4.6,I31.png,14
I31_14_02.png,3.93,I31.png,14
I31_14_03.png,3.23,I31.png,14
I31_14_04.png,2.77,I31.png,14
I31_14_05.png,2.43,I31.png,14
I32_14_01.png,3.8,I32.png,14
I32_14_02.png,2.43,I32.png,14
I32_14_03.png,2.27,I32.png,14
I32_14_04.png,2,I32.png,14
I32_14_05.png,1.5,I32.png,14
I33_14_01.png,3.77,I33.png,14
I33_14_02.png,3.17,I33.png,14
I33_14_03.png,2.07,I33.png,14
I33_14_04.png,2.03,I33.png,14
I33_14_05.png,1.7,I33.png,14
I34_14_01.png,4.2,I34.png,14
I34_14_02.png,3.27,I34.png,14
I34_14_03.png,2.7,I34.png,14
I34_14_04.png,2.63,I34.png,14
I34_14_05.png,2.23,I34.png,14
I35_14_01.png,4.27,I35.png,14
I35_14_02.png,3.23,I35.png,14
I35_14_03.png,2.77,I35.png,14
I35_14_04.png,2.6,I35.png,14
I35_14_05.png,2,I35.png,14
I36_14_01.png,4.73,I36.png,14
I36_14_02.png,3.93,I36.png,14
I36_14_03.png,3.33,I36.png,14
I36_14_04.png,3.17,I36.png,14
I36_14_05.png,2.2,I36.png,14
I37_14_01.png,3.63,I37.png,14
I37_14_02.png,2.67,I37.png,14
I37_14_03.png,2.67,I37.png,14
I37_14_04.png,2.03,I37.png,14
I37_14_05.png,1.6,I37.png,14
I38_14_01.png,4.37,I38.png,14
I38_14_02.png,3.27,I38.png,14
I38_14_03.png,2.9,I38.png,14
I38_14_04.png,2.43,I38.png,14
I38_14_05.png,1.73,I38.png,14
I39_14_01.png,4.6,I39.png,14
I39_14_02.png,4.52,I39.png,14
I39_14_03.png,3.33,I39.png,14
I39_14_04.png,3.07,I39.png,14
I39_14_05.png,2.07,I39.png,14
I40_14_01.png,4.33,I40.png,14
I40_14_02.png,4.3,I40.png,14
I40_14_03.png,4.33,I40.png,14
I40_14_04.png,3.8,I40.png,14
I40_14_05.png,3.07,I40.png,14
I41_14_01.png,4.77,I41.png,14
I41_14_02.png,3.83,I41.png,14
I41_14_03.png,3.1,I41.png,14
I41_14_04.png,2.43,I41.png,14
I41_14_05.png,1.8,I41.png,14
I42_14_01.png,4.37,I42.png,14
I42_14_02.png,4.07,I42.png,14
I42_14_03.png,3.23,I42.png,14
I42_14_04.png,2.93,I42.png,14
I42_14_05.png,2.33,I42.png,14
I43_14_01.png,4.87,I43.png,14
I43_14_02.png,4.5,I43.png,14
I43_14_03.png,3.97,I43.png,14
I43_14_04.png,3.03,I43.png,14
I43_14_05.png,2.35,I43.png,14
I44_14_01.png,4.4,I44.png,14
I44_14_02.png,3.87,I44.png,14
I44_14_03.png,3.07,I44.png,14
I44_14_04.png,2.8,I44.png,14
I44_14_05.png,2.27,I44.png,14
I45_14_01.png,4.27,I45.png,14
I45_14_02.png,3.23,I45.png,14
I45_14_03.png,2.77,I45.png,14
I45_14_04.png,2.3,I45.png,14
I45_14_05.png,1.73,I45.png,14
I46_14_01.png,4.53,I46.png,14
I46_14_02.png,3.77,I46.png,14
I46_14_03.png,3.07,I46.png,14
I46_14_04.png,2.5,I46.png,14
I46_14_05.png,1.87,I46.png,14
I47_14_01.png,4.83,I47.png,14
I47_14_02.png,3.73,I47.png,14
I47_14_03.png,2.7,I47.png,14
I47_14_04.png,2.7,I47.png,14
I47_14_05.png,1.87,I47.png,14
I48_14_01.png,4.5,I48.png,14
I48_14_02.png,2.97,I48.png,14
I48_14_03.png,2.9,I48.png,14
I48_14_04.png,2.33,I48.png,14
I48_14_05.png,2.06,I48.png,14
I49_14_01.png,4.83,I49.png,14
I49_14_02.png,4.47,I49.png,14
I49_14_03.png,4.1,I49.png,14
I49_14_04.png,3.77,I49.png,14
I49_14_05.png,3.13,I49.png,14
I50_14_01.png,4.07,I50.png,14
I50_14_02.png,3.16,I50.png,14
I50_14_03.png,2.67,I50.png,14
I50_14_04.png,2.13,I50.png,14
I50_14_05.png,1.9,I50.png,14
I51_14_01.png,4.4,I51.png,14
I51_14_02.png,3,I51.png,14
I51_14_03.png,2.97,I51.png,14
I51_14_04.png,2.63,I51.png,14
I51_14_05.png,1.93,I51.png,14
I52_14_01.png,4.33,I52.png,14
I52_14_02.png,3.47,I52.png,14
I52_14_03.png,2.8,I52.png,14
I52_14_04.png,2.3,I52.png,14
I52_14_05.png,2.27,I52.png,14
I53_14_01.png,4.47,I53.png,14
I53_14_02.png,3.23,I53.png,14
I53_14_03.png,3.07,I53.png,14
I53_14_04.png,2.67,I53.png,14
I53_14_05.png,1.97,I53.png,14
I54_14_01.png,4.63,I54.png,14
I54_14_02.png,3.47,I54.png,14
I54_14_03.png,3.17,I54.png,14
I54_14_04.png,2.6,I54.png,14
I54_14_05.png,2.17,I54.png,14
I55_14_01.png,4.47,I55.png,14
I55_14_02.png,4.1,I55.png,14
I55_14_03.png,4.3,I55.png,14
I55_14_04.png,3.2,I55.png,14
I55_14_05.png,2.73,I55.png,14
I56_14_01.png,4.47,I56.png,14
I56_14_02.png,3.5,I56.png,14
I56_14_03.png,2.9,I56.png,14
I56_14_04.png,2.47,I56.png,14
I56_14_05.png,2,I56.png,14
I57_14_01.png,4.43,I57.png,14
I57_14_02.png,4.13,I57.png,14
I57_14_03.png,3.23,I57.png,14
I57_14_04.png,2.73,I57.png,14
I57_14_05.png,1.9,I57.png,14
I58_14_01.png,4.37,I58.png,14
I58_14_02.png,3.53,I58.png,14
I58_14_03.png,3.37,I58.png,14
I58_14_04.png,2.8,I58.png,14
I58_14_05.png,2.27,I58.png,14
I59_14_01.png,4.87,I59.png,14
I59_14_02.png,4.13,I59.png,14
I59_14_03.png,3.03,I59.png,14
I59_14_04.png,2.77,I59.png,14
I59_14_05.png,2.23,I59.png,14
I60_14_01.png,4.47,I60.png,14
I60_14_02.png,3.63,I60.png,14
I60_14_03.png,3.2,I60.png,14
I60_14_04.png,2.73,I60.png,14
I60_14_05.png,1.97,I60.png,14
I61_14_01.png,4.47,I61.png,14
I61_14_02.png,3.32,I61.png,14
I61_14_03.png,2.67,I61.png,14
I61_14_04.png,2.43,I61.png,14
I61_14_05.png,2.3,I61.png,14
I62_14_01.png,4.37,I62.png,14
I62_14_02.png,3.43,I62.png,14
I62_14_03.png,2.57,I62.png,14
I62_14_04.png,2.47,I62.png,14
I62_14_05.png,2.2,I62.png,14
I63_14_01.png,4.61,I63.png,14
I63_14_02.png,3.83,I63.png,14
I63_14_03.png,3.43,I63.png,14
I63_14_04.png,2.83,I63.png,14
I63_14_05.png,2.33,I63.png,14
I64_14_01.png,4.47,I64.png,14
I64_14_02.png,3.83,I64.png,14
I64_14_03.png,3.33,I64.png,14
I64_14_04.png,2.53,I64.png,14
I64_14_05.png,2.2,I64.png,14
I65_14_01.png,4,I65.png,14
I65_14_02.png,3.07,I65.png,14
I65_14_03.png,2.63,I65.png,14
I65_14_04.png,2.23,I65.png,14
I65_14_05.png,1.97,I65.png,14
I66_14_01.png,4.5,I66.png,14
I66_14_02.png,3.93,I66.png,14
I66_14_03.png,3.77,I66.png,14
I66_14_04.png,3,I66.png,14
I66_14_05.png,2.43,I66.png,14
I67_14_01.png,4.47,I67.png,14
I67_14_02.png,3.67,I67.png,14
I67_14_03.png,3.13,I67.png,14
I67_14_04.png,2.53,I67.png,14
I67_14_05.png,2.2,I67.png,14
I68_14_01.png,4.6,I68.png,14
I68_14_02.png,3.33,I68.png,14
I68_14_03.png,2.9,I68.png,14
I68_14_04.png,2.5,I68.png,14
I68_14_05.png,1.87,I68.png,14
I69_14_01.png,4.6,I69.png,14
I69_14_02.png,4.1,I69.png,14
I69_14_03.png,3.17,I69.png,14
I69_14_04.png,2.93,I69.png,14
I69_14_05.png,2.47,I69.png,14
I70_14_01.png,4.57,I70.png,14
I70_14_02.png,3.73,I70.png,14
I70_14_03.png,3.07,I70.png,14
I70_14_04.png,2.47,I70.png,14
I70_14_05.png,2.1,I70.png,14
I71_14_01.png,3.7,I71.png,14
I71_14_02.png,2.87,I71.png,14
I71_14_03.png,2.37,I71.png,14
I71_14_04.png,1.87,I71.png,14
I71_14_05.png,1.67,I71.png,14
I72_14_01.png,4.33,I72.png,14
I72_14_02.png,3.23,I72.png,14
I72_14_03.png,2.52,I72.png,14
I72_14_04.png,2.43,I72.png,14
I72_14_05.png,1.7,I72.png,14
I73_14_01.png,4.6,I73.png,14
I73_14_02.png,3.5,I73.png,14
I73_14_03.png,2.73,I73.png,14
I73_14_04.png,2.63,I73.png,14
I73_14_05.png,1.93,I73.png,14
I74_14_01.png,4.67,I74.png,14
I74_14_02.png,4.3,I74.png,14
I74_14_03.png,3.73,I74.png,14
I74_14_04.png,3,I74.png,14
I74_14_05.png,2.6,I74.png,14
I75_14_01.png,4.2,I75.png,14
I75_14_02.png,3.33,I75.png,14
I75_14_03.png,2.87,I75.png,14
I75_14_04.png,2.27,I75.png,14
I75_14_05.png,2,I75.png,14
I76_14_01.png,4.4,I76.png,14
I76_14_02.png,3.97,I76.png,14
I76_14_03.png,3.39,I76.png,14
I76_14_04.png,3.17,I76.png,14
I76_14_05.png,2.3,I76.png,14
I77_14_01.png,4.57,I77.png,14
I77_14_02.png,4,I77.png,14
I77_14_03.png,3.63,I77.png,14
I77_14_04.png,3,I77.png,14
I77_14_05.png,2.07,I77.png,14
I78_14_01.png,4.43,I78.png,14
I78_14_02.png,3.6,I78.png,14
I78_14_03.png,3.1,I78.png,14
I78_14_04.png,2.53,I78.png,14
I78_14_05.png,2.07,I78.png,14
I79_14_01.png,4.68,I79.png,14
I79_14_02.png,4.03,I79.png,14
I79_14_03.png,3.6,I79.png,14
I79_14_04.png,2.83,I79.png,14
I79_14_05.png,2.4,I79.png,14
I80_14_01.png,4.6,I80.png,14
I80_14_02.png,4.07,I80.png,14
I80_14_03.png,3.63,I80.png,14
I80_14_04.png,3.03,I80.png,14
I80_14_05.png,2.23,I80.png,14
I81_14_01.png,4.33,I81.png,14
I81_14_02.png,3.03,I81.png,14
I81_14_03.png,2.7,I81.png,14
I81_14_04.png,2.2,I81.png,14
I81_14_05.png,1.67,I81.png,14
I01_18_01.png,4.5,I01.png,18
I01_18_02.png,4.57,I01.png,18
I01_18_03.png,4.57,I01.png,18
I01_18_04.png,4.37,I01.png,18
I01_18_05.png,3.97,I01.png,18
I02_18_01.png,4.13,I02.png,18
I02_18_02.png,4.63,I02.png,18
I02_18_03.png,4.73,I02.png,18
I02_18_04.png,4.33,I02.png,18
I02_18_05.png,4.03,I02.png,18
I03_18_01.png,4.23,I03.png,18
I03_18_02.png,4.73,I03.png,18
I03_18_03.png,4.5,I03.png,18
I03_18_04.png,4.47,I03.png,18
I03_18_05.png,4.2,I03.png,18
I04_18_01.png,4.27,I04.png,18
I04_18_02.png,4.63,I04.png,18
I04_18_03.png,4.87,I04.png,18
I04_18_04.png,4.57,I04.png,18
I04_18_05.png,3.63,I04.png,18
I05_18_01.png,4.4,I05.png,18
I05_18_02.png,4.47,I05.png,18
I05_18_03.png,4.37,I05.png,18
I05_18_04.png,4,I05.png,18
I05_18_05.png,2.77,I05.png,18
I06_18_01.png,3.8,I06.png,18
I06_18_02.png,4.07,I06.png,18
I06_18_03.png,4.53,I06.png,18
I06_18_04.png,4.03,I06.png,18
I06_18_05.png,3.77,I06.png,18
I07_18_01.png,3.2,I07.png,18
I07_18_02.png,4.3,I07.png,18
I07_18_03.png,4.5,I07.png,18
I07_18_04.png,4.43,I07.png,18
I07_18_05.png,4,I07.png,18
I08_18_01.png,4.4,I08.png,18
I08_18_02.png,4.5,I08.png,18
I08_18_03.png,4.8,I08.png,18
I08_18_04.png,4.53,I08.png,18
I08_18_05.png,4.13,I08.png,18
I09_18_01.png,4.3,I09.png,18
I09_18_02.png,4.53,I09.png,18
I09_18_03.png,4.53,I09.png,18
I09_18_04.png,4.43,I09.png,18
I09_18_05.png,3.8,I09.png,18
I10_18_01.png,4.33,I10.png,18
I10_18_02.png,4.57,I10.png,18
I10_18_03.png,4.73,I10.png,18
I10_18_04.png,4.57,I10.png,18
I10_18_05.png,3.8,I10.png,18
I11_18_01.png,4.23,I11.png,18
I11_18_02.png,4.6,I11.png,18
I11_18_03.png,4.68,I11.png,18
I11_18_04.png,4.27,I11.png,18
I11_18_05.png,3.47,I11.png,18
I12_18_01.png,4.43,I12.png,18
I12_18_02.png,4.5,I12.png,18
I12_18_03.png,4.41,I12.png,18
I12_18_04.png,4.23,I12.png,18
I12_18_05.png,3.87,I12.png,18
I13_18_01.png,4.1,I13.png,18
I13_18_02.png,4.43,I13.png,18
I13_18_03.png,4.6,I13.png,18
I13_18_04.png,4.63,I13.png,18
I13_18_05.png,3.9,I13.png,18
I14_18_01.png,3.6,I14.png,18
I14_18_02.png,4.33,I14.png,18
I14_18_03.png,4.67,I14.png,18
I14_18_04.png,4.2,I14.png,18
I14_18_05.png,4,I14.png,18
I15_18_01.png,3.77,I15.png,18
I15_18_02.png,3.87,I15.png,18
I15_18_03.png,4.67,I15.png,18
I15_18_04.png,4.37,I15.png,18
I15_18_05.png,3.6,I15.png,18
I16_18_01.png,4.47,I16.png,18
I16_18_02.png,4.6,I16.png,18
I16_18_03.png,4.43,I16.png,18
I16_18_04.png,4.13,I16.png,18
I16_18_05.png,3.93,I16.png,18
I17_18_01.png,4.53,I17.png,18
I17_18_02.png,4.43,I17.png,18
I17_18_03.png,4.43,I17.png,18
I17_18_04.png,4.17,I17.png,18
I17_18_05.png,3.93,I17.png,18
I18_18_01.png,4.27,I18.png,18
I18_18_02.png,4.43,I18.png,18
I18_18_03.png,4.45,I18.png,18
I18_18_04.png,4.33,I18.png,18
I18_18_05.png,3.77,I18.png,18
I19_18_01.png,4.5,I19.png,18
I19_18_02.png,4.27,I19.png,18
I19_18_03.png,4.7,I19.png,18
I19_18_04.png,4.27,I19.png,18
I19_18_05.png,3.9,I19.png,18
I20_18_01.png,4.4,I20.png,18
I20_18_02.png,4.5,I20.png,18
I20_18_03.png,4.5,I20.png,18
I20_18_04.png,3.9,I20.png,18
I20_18_05.png,3.2,I20.png,18
I21_18_01.png,4.37,I21.png,18
I21_18_02.png,4.7,I21.png,18
I21_18_03.png,4.43,I21.png,18
I21_18_04.png,4.03,I21.png,18
I21_18_05.png,3.53,I21.png,18
I22_18_01.png,4.07,I22.png,18
I22_18_02.png,4.6,I22.png,18
I22_18_03.png,4.7,I22.png,18
I22_18_04.png,4.5,I22.png,18
I22_18_05.png,4.3,I22.png,18
I23_18_01.png,4.53,I23.png,18
I23_18_02.png,4.6,I23.png,18
I23_18_03.png,4.7,I23.png,18
I23_18_04.png,4.43,I23.png,18
I23_18_05.png,4.23,I23.png,18
I24_18_01.png,4,I24.png,18
I24_18_02.png,4.3,I24.png,18
I24_18_03.png,4.7,I24.png,18
I24_18_04.png,4.37,I24.png,18
I24_18_05.png,4.27,I24.png,18
I25_18_01.png,4.43,I25.png,18
I25_18_02.png,4.73,I25.png,18
I25_18_03.png,4.57,I25.png,18
I25_18_04.png,4.47,I25.png,18
I25_18_05.png,3.73,I25.png,18
I26_18_01.png,4.5,I26.png,18
I26_18_02.png,4.57,I26.png,18
I26_18_03.png,4.74,I26.png,18
I26_18_04.png,4.23,I26.png,18
I26_18_05.png,3.87,I26.png,18
I27_18_01.png,3.6,I27.png,18
I27_18_02.png,4.03,I27.png,18
I27_18_03.png,4.57,I27.png,18
I27_18_04.png,4.53,I27.png,18
I27_18_05.png,4.03,I27.png,18
I28_18_01.png,4.37,I28.png,18
I28_18_02.png,4.6,I28.png,18
I28_18_03.png,4.23,I28.png,18
I28_18_04.png,4.53,I28.png,18
I28_18_05.png,4.23,I28.png,18
I29_18_01.png,4.13,I29.png,18
I29_18_02.png,4.53,I29.png,18
I29_18_03.png,4.83,I29.png,18
I29_18_04.png,4.37,I29.png,18
I29_18_05.png,3.83,I29.png,18
I30_18_01.png,4,I30.png,18
I30_18_02.png,4.53,I30.png,18
I30_18_03.png,4.83,I30.png,18
I30_18_04.png,4.61,I30.png,18
I30_18_05.png,4.3,I30.png,18
I31_18_01.png,4.6,I31.png,18
I31_18_02.png,4.73,I31.png,18
I31_18_03.png,4.81,I31.png,18
I31_18_04.png,4.33,I31.png,18
I31_18_05.png,3.87,I31.png,18
I32_18_01.png,3.5,I32.png,18
I32_18_02.png,4.3,I32.png,18
I32_18_03.png,4.73,I32.png,18
I32_18_04.png,4.07,I32.png,18
I32_18_05.png,3.8,I32.png,18
I33_18_01.png,3.7,I33.png,18
I33_18_02.png,4.23,I33.png,18
I33_18_03.png,4.6,I33.png,18
I33_18_04.png,4.23,I33.png,18
I33_18_05.png,4.03,I33.png,18
I34_18_01.png,3.83,I34.png,18
I34_18_02.png,4.63,I34.png,18
I34_18_03.png,4.66,I34.png,18
I34_18_04.png,4.33,I34.png,18
I34_18_05.png,3.67,I34.png,18
I35_18_01.png,4.23,I35.png,18
I35_18_02.png,4.7,I35.png,18
I35_18_03.png,4.73,I35.png,18
I35_18_04.png,4.6,I35.png,18
I35_18_05.png,4.4,I35.png,18
I36_18_01.png,4.57,I36.png,18
I36_18_02.png,4.77,I36.png,18
I36_18_03.png,4.67,I36.png,18
I36_18_04.png,4.3,I36.png,18
I36_18_05.png,4.27,I36.png,18
I37_18_01.png,4.17,I37.png,18
I37_18_02.png,4.53,I37.png,18
I37_18_03.png,4.5,I37.png,18
I37_18_04.png,4.6,I37.png,18
I37_18_05.png,4.3,I37.png,18
I38_18_01.png,4.07,I38.png,18
I38_18_02.png,4.65,I38.png,18
I38_18_03.png,4.73,I38.png,18
I38_18_04.png,4.03,I38.png,18
I38_18_05.png,4.1,I38.png,18
I39_18_01.png,4.53,I39.png,18
I39_18_02.png,4.57,I39.png,18
I39_18_03.png,4.63,I39.png,18
I39_18_04.png,4.47,I39.png,18
I39_18_05.png,4.03,I39.png,18
I40_18_01.png,4.13,I40.png,18
I40_18_02.png,4.4,I40.png,18
I40_18_03.png,4.6,I40.png,18
I40_18_04.png,4.03,I40.png,18
I40_18_05.png,3.83,I40.png,18
I41_18_01.png,3.93,I41.png,18
I41_18_02.png,4.63,I41.png,18
I41_18_03.png,4.6,I41.png,18
I41_18_04.png,4.6,I41.png,18
I41_18_05.png,3.97,I41.png,18
I42_18_01.png,4.5,I42.png,18
I42_18_02.png,4.7,I42.png,18
I42_18_03.png,4.77,I42.png,18
I42_18_04.png,4.43,I42.png,18
I42_18_05.png,3.93,I42.png,18
I43_18_01.png,4.2,I43.png,18
I43_18_02.png,4.6,I43.png,18
I43_18_03.png,4.67,I43.png,18
I43_18_04.png,4.5,I43.png,18
I43_18_05.png,4.33,I43.png,18
I44_18_01.png,4.03,I44.png,18
I44_18_02.png,4.43,I44.png,18
I44_18_03.png,4.4,I44.png,18
I44_18_04.png,4.26,I44.png,18
I44_18_05.png,3.67,I44.png,18
I45_18_01.png,4.3,I45.png,18
I45_18_02.png,4.43,I45.png,18
I45_18_03.png,4.53,I45.png,18
I45_18_04.png,4.43,I45.png,18
I45_18_05.png,4.03,I45.png,18
I46_18_01.png,3.97,I46.png,18
I46_18_02.png,4.57,I46.png,18
I46_18_03.png,4.73,I46.png,18
I46_18_04.png,4.67,I46.png,18
I46_18_05.png,3.97,I46.png,18
I47_18_01.png,4.53,I47.png,18
I47_18_02.png,4.53,I47.png,18
I47_18_03.png,4.63,I47.png,18
I47_18_04.png,4.5,I47.png,18
I47_18_05.png,4.3,I47.png,18
I48_18_01.png,4.53,I48.png,18
I48_18_02.png,4.63,I48.png,18
I48_18_03.png,4.53,I48.png,18
I48_18_04.png,4.3,I48.png,18
I48_18_05.png,3.87,I48.png,18
I49_18_01.png,4.6,I49.png,18
I49_18_02.png,4.63,I49.png,18
I49_18_03.png,4.7,I49.png,18
I49_18_04.png,4.1,I49.png,18
I49_18_05.png,3.73,I49.png,18
I50_18_01.png,4.27,I50.png,18
I50_18_02.png,4.17,I50.png,18
I50_18_03.png,4.57,I50.png,18
I50_18_04.png,4.27,I50.png,18
I50_18_05.png,3.67,I50.png,18
I51_18_01.png,4.3,I51.png,18
I51_18_02.png,4.45,I51.png,18
I51_18_03.png,4.43,I51.png,18
I51_18_04.png,4.48,I51.png,18
I51_18_05.png,4.03,I51.png,18
I52_18_01.png,4.63,I52.png,18
I52_18_02.png,4.83,I52.png,18
I52_18_03.png,4.6,I52.png,18
I52_18_04.png,4.73,I52.png,18
I52_18_05.png,4.23,I52.png,18
I53_18_01.png,4.2,I53.png,18
I53_18_02.png,4.67,I53.png,18
I53_18_03.png,4.8,I53.png,18
I53_18_04.png,4.57,I53.png,18
I53_18_05.png,3.87,I53.png,18
I54_18_01.png,4.27,I54.png,18
I54_18_02.png,4.53,I54.png,18
I54_18_03.png,4.5,I54.png,18
I54_18_04.png,4.45,I54.png,18
I54_18_05.png,3.53,I54.png,18
I55_18_01.png,4.43,I55.png,18
I55_18_02.png,4.5,I55.png,18
I55_18_03.png,4.53,I55.png,18
I55_18_04.png,4.5,I55.png,18
I55_18_05.png,3.42,I55.png,18
I56_18_01.png,4.37,I56.png,18
I56_18_02.png,4.47,I56.png,18
I56_18_03.png,4.2,I56.png,18
I56_18_04.png,4.3,I56.png,18
I56_18_05.png,3.57,I56.png,18
I57_18_01.png,3.77,I57.png,18
I57_18_02.png,4.3,I57.png,18
I57_18_03.png,4.43,I57.png,18
I57_18_04.png,4.3,I57.png,18
I57_18_05.png,3.9,I57.png,18
I58_18_01.png,4.37,I58.png,18
I58_18_02.png,4.77,I58.png,18
I58_18_03.png,4.83,I58.png,18
I58_18_04.png,4.27,I58.png,18
I58_18_05.png,3.73,I58.png,18
I59_18_01.png,4.43,I59.png,18
I59_18_02.png,4.7,I59.png,18
I59_18_03.png,4.67,I59.png,18
I59_18_04.png,4.43,I59.png,18
I59_18_05.png,3.93,I59.png,18
I60_18_01.png,4.5,I60.png,18
I60_18_02.png,4.8,I60.png,18
I60_18_03.png,4.65,I60.png,18
I60_18_04.png,4.63,I60.png,18
I60_18_05.png,4.13,I60.png,18
I61_18_01.png,4.1,I61.png,18
I61_18_02.png,4.43,I61.png,18
I61_18_03.png,4.7,I61.png,18
I61_18_04.png,4.1,I61.png,18
I61_18_05.png,3.63,I61.png,18
I62_18_01.png,4.38,I62.png,18
I62_18_02.png,4.43,I62.png,18
I62_18_03.png,4.37,I62.png,18
I62_18_04.png,3.87,I62.png,18
I62_18_05.png,3.07,I62.png,18
I63_18_01.png,4.43,I63.png,18
I63_18_02.png,4.67,I63.png,18
I63_18_03.png,4.53,I63.png,18
I63_18_04.png,4.4,I63.png,18
I63_18_05.png,3.53,I63.png,18
I64_18_01.png,4.3,I64.png,18
I64_18_02.png,4.53,I64.png,18
I64_18_03.png,4.67,I64.png,18
I64_18_04.png,4.67,I64.png,18
I64_18_05.png,3.97,I64.png,18
I65_18_01.png,4.33,I65.png,18
I65_18_02.png,4.7,I65.png,18
I65_18_03.png,4.5,I65.png,18
I65_18_04.png,4.47,I65.png,18
I65_18_05.png,3.97,I65.png,18
I66_18_01.png,4.47,I66.png,18
I66_18_02.png,4.57,I66.png,18
I66_18_03.png,4.57,I66.png,18
I66_18_04.png,4.27,I66.png,18
I66_18_05.png,3.87,I66.png,18
I67_18_01.png,4.2,I67.png,18
I67_18_02.png,4.43,I67.png,18
I67_18_03.png,4.73,I67.png,18
I67_18_04.png,4.37,I67.png,18
I67_18_05.png,3.94,I67.png,18
I68_18_01.png,4.03,I68.png,18
I68_18_02.png,4.63,I68.png,18
I68_18_03.png,4.6,I68.png,18
I68_18_04.png,4.53,I68.png,18
I68_18_05.png,4.2,I68.png,18
I69_18_01.png,4.07,I69.png,18
I69_18_02.png,4.53,I69.png,18
I69_18_03.png,4.67,I69.png,18
I69_18_04.png,4.43,I69.png,18
I69_18_05.png,4.17,I69.png,18
I70_18_01.png,4.37,I70.png,18
I70_18_02.png,4.57,I70.png,18
I70_18_03.png,4.6,I70.png,18
I70_18_04.png,4.8,I70.png,18
I70_18_05.png,4.43,I70.png,18
I71_18_01.png,3.73,I71.png,18
I71_18_02.png,4.3,I71.png,18
I71_18_03.png,4.63,I71.png,18
I71_18_04.png,4.2,I71.png,18
I71_18_05.png,3.81,I71.png,18
I72_18_01.png,3.47,I72.png,18
I72_18_02.png,4.23,I72.png,18
I72_18_03.png,4.5,I72.png,18
I72_18_04.png,4.17,I72.png,18
I72_18_05.png,3.87,I72.png,18
I73_18_01.png,4.17,I73.png,18
I73_18_02.png,4.3,I73.png,18
I73_18_03.png,4.63,I73.png,18
I73_18_04.png,4.5,I73.png,18
I73_18_05.png,4.27,I73.png,18
I74_18_01.png,4.2,I74.png,18
I74_18_02.png,4.6,I74.png,18
I74_18_03.png,4.43,I74.png,18
I74_18_04.png,4.4,I74.png,18
I74_18_05.png,3.87,I74.png,18
I75_18_01.png,4.2,I75.png,18
I75_18_02.png,4.5,I75.png,18
I75_18_03.png,4.8,I75.png,18
I75_18_04.png,4.32,I75.png,18
I75_18_05.png,3.5,I75.png,18
I76_18_01.png,4.4,I76.png,18
I76_18_02.png,4.47,I76.png,18
I76_18_03.png,4.58,I76.png,18
I76_18_04.png,4.27,I76.png,18
I76_18_05.png,3.9,I76.png,18
I77_18_01.png,4.4,I77.png,18
I77_18_02.png,4.7,I77.png,18
I77_18_03.png,4.5,I77.png,18
I77_18_04.png,4.37,I77.png,18
I77_18_05.png,4.13,I77.png,18
I78_18_01.png,4.57,I78.png,18
I78_18_02.png,4.5,I78.png,18
I78_18_03.png,4.6,I78.png,18
I78_18_04.png,4.6,I78.png,18
I78_18_05.png,4.17,I78.png,18
I79_18_01.png,4.42,I79.png,18
I79_18_02.png,4.7,I79.png,18
I79_18_03.png,4.6,I79.png,18
I79_18_04.png,4.33,I79.png,18
I79_18_05.png,3.8,I79.png,18
I80_18_01.png,3.83,I80.png,18
I80_18_02.png,4.6,I80.png,18
I80_18_03.png,4.5,I80.png,18
I80_18_04.png,4.27,I80.png,18
I80_18_05.png,3.77,I80.png,18
I81_18_01.png,4.27,I81.png,18
I81_18_02.png,4.63,I81.png,18
I81_18_03.png,4.73,I81.png,18
I81_18_04.png,4.58,I81.png,18
I81_18_05.png,4.2,I81.png,18
I01_25_01.png,3.43,I01.png,25
I01_25_02.png,3.87,I01.png,25
I01_25_03.png,4.26,I01.png,25
I01_25_04.png,4.17,I01.png,25
I01_25_05.png,3.27,I01.png,25
I02_25_01.png,3.37,I02.png,25
I02_25_02.png,3.7,I02.png,25
I02_25_03.png,4.27,I02.png,25
I02_25_04.png,4.1,I02.png,25
I02_25_05.png,3.33,I02.png,25
I03_25_01.png,3.67,I03.png,25
I03_25_02.png,3.84,I03.png,25
I03_25_03.png,4.63,I03.png,25
I03_25_04.png,4.4,I03.png,25
I03_25_05.png,3.67,I03.png,25
I04_25_01.png,3.61,I04.png,25
I04_25_02.png,3.73,I04.png,25
I04_25_03.png,3.9,I04.png,25
I04_25_04.png,4.23,I04.png,25
I04_25_05.png,3.43,I04.png,25
I05_25_01.png,2.9,I05.png,25
I05_25_02.png,3.5,I05.png,25
I05_25_03.png,4,I05.png,25
I05_25_04.png,4.23,I05.png,25
I05_25_05.png,3.6,I05.png,25
I06_25_01.png,3,I06.png,25
I06_25_02.png,3.83,I06.png,25
I06_25_03.png,4.13,I06.png,25
I06_25_04.png,3.23,I06.png,25
I06_25_05.png,2.43,I06.png,25
I07_25_01.png,2.87,I07.png,25
I07_25_02.png,4.03,I07.png,25
I07_25_03.png,4.63,I07.png,25
I07_25_04.png,4.43,I07.png,25
I07_25_05.png,3.57,I07.png,25
I08_25_01.png,3.87,I08.png,25
I08_25_02.png,4,I08.png,25
I08_25_03.png,4.43,I08.png,25
I08_25_04.png,4.53,I08.png,25
I08_25_05.png,3.7,I08.png,25
I09_25_01.png,3.07,I09.png,25
I09_25_02.png,3.63,I09.png,25
I09_25_03.png,4.23,I09.png,25
I09_25_04.png,4.1,I09.png,25
I09_25_05.png,3.57,I09.png,25
I10_25_01.png,3.23,I10.png,25
I10_25_02.png,3.6,I10.png,25
I10_25_03.png,4.37,I10.png,25
I10_25_04.png,4.33,I10.png,25
I10_25_05.png,3.83,I10.png,25
I11_25_01.png,3.3,I11.png,25
I11_25_02.png,3.57,I11.png,25
I11_25_03.png,4.3,I11.png,25
I11_25_04.png,3.73,I11.png,25
I11_25_05.png,2.83,I11.png,25
I12_25_01.png,3.07,I12.png,25
I12_25_02.png,3.87,I12.png,25
I12_25_03.png,4.35,I12.png,25
I12_25_04.png,4.33,I12.png,25
I12_25_05.png,3.07,I12.png,25
I13_25_01.png,3.97,I13.png,25
I13_25_02.png,4.13,I13.png,25
I13_25_03.png,4.63,I13.png,25
I13_25_04.png,4.32,I13.png,25
I13_25_05.png,3.4,I13.png,25
I14_25_01.png,3.37,I14.png,25
I14_25_02.png,3.63,I14.png,25
I14_25_03.png,3.9,I14.png,25
I14_25_04.png,4.03,I14.png,25
I14_25_05.png,3.37,I14.png,25
I15_25_01.png,2.97,I15.png,25
I15_25_02.png,3.2,I15.png,25
I15_25_03.png,3.63,I15.png,25
I15_25_04.png,3.87,I15.png,25
I15_25_05.png,3.2,I15.png,25
I16_25_01.png,3.43,I16.png,25
I16_25_02.png,3.5,I16.png,25
I16_25_03.png,4.16,I16.png,25
I16_25_04.png,4.17,I16.png,25
I16_25_05.png,3.7,I16.png,25
I17_25_01.png,3.4,I17.png,25
I17_25_02.png,3.47,I17.png,25
I17_25_03.png,4.33,I17.png,25
I17_25_04.png,4.43,I17.png,25
I17_25_05.png,3.4,I17.png,25
I18_25_01.png,3.7,I18.png,25
I18_25_02.png,3.87,I18.png,25
I18_25_03.png,3.9,I18.png,25
I18_25_04.png,4.03,I18.png,25
I18_25_05.png,3.33,I18.png,25
I19_25_01.png,3.53,I19.png,25
I19_25_02.png,4.17,I19.png,25
I19_25_03.png,4.45,I19.png,25
I19_25_04.png,4.43,I19.png,25
I19_25_05.png,3.53,I19.png,25
I20_25_01.png,2.97,I20.png,25
I20_25_02.png,3.73,I20.png,25
I20_25_03.png,3.87,I20.png,25
I20_25_04.png,4.03,I20.png,25
I20_25_05.png,3,I20.png,25
I21_25_01.png,3.5,I21.png,25
I21_25_02.png,3.77,I21.png,25
I21_25_03.png,3.97,I21.png,25
I21_25_04.png,3.87,I21.png,25
I21_25_05.png,3.2,I21.png,25
I22_25_01.png,3.33,I22.png,25
I22_25_02.png,4.03,I22.png,25
I22_25_03.png,4.3,I22.png,25
I22_25_04.png,4.03,I22.png,25
I22_25_05.png,2.9,I22.png,25
I23_25_01.png,4.23,I23.png,25
I23_25_02.png,4.27,I23.png,25
I23_25_03.png,4.37,I23.png,25
I23_25_04.png,4.4,I23.png,25
I23_25_05.png,3.9,I23.png,25
I24_25_01.png,3.2,I24.png,25
I24_25_02.png,3.83,I24.png,25
I24_25_03.png,4.33,I24.png,25
I24_25_04.png,3.83,I24.png,25
I24_25_05.png,3.53,I24.png,25
I25_25_01.png,3.53,I25.png,25
I25_25_02.png,3.93,I25.png,25
I25_25_03.png,4.5,I25.png,25
I25_25_04.png,4.67,I25.png,25
I25_25_05.png,3.53,I25.png,25
I26_25_01.png,3.07,I26.png,25
I26_25_02.png,3.7,I26.png,25
I26_25_03.png,4.37,I26.png,25
I26_25_04.png,4,I26.png,25
I26_25_05.png,3.03,I26.png,25
I27_25_01.png,3.23,I27.png,25
I27_25_02.png,3.73,I27.png,25
I27_25_03.png,4.03,I27.png,25
I27_25_04.png,4,I27.png,25
I27_25_05.png,3.07,I27.png,25
I28_25_01.png,3.48,I28.png,25
I28_25_02.png,4.13,I28.png,25
I28_25_03.png,4.43,I28.png,25
I28_25_04.png,4.4,I28.png,25
I28_25_05.png,3.73,I28.png,25
I29_25_01.png,3.2,I29.png,25
I29_25_02.png,3.74,I29.png,25
I29_25_03.png,4.17,I29.png,25
I29_25_04.png,4.07,I29.png,25
I29_25_05.png,2.63,I29.png,25
I30_25_01.png,3.63,I30.png,25
I30_25_02.png,4.4,I30.png,25
I30_25_03.png,4.8,I30.png,25
I30_25_04.png,4.4,I30.png,25
I30_25_05.png,3.73,I30.png,25
I31_25_01.png,3.6,I31.png,25
I31_25_02.png,4.1,I31.png,25
I31_25_03.png,4.4,I31.png,25
I31_25_04.png,4.3,I31.png,25
I31_25_05.png,3.27,I31.png,25
I32_25_01.png,3.23,I32.png,25
I32_25_02.png,3.47,I32.png,25
I32_25_03.png,3.84,I32.png,25
I32_25_04.png,3.2,I32.png,25
I32_25_05.png,2.27,I32.png,25
I33_25_01.png,3.2,I33.png,25
I33_25_02.png,4,I33.png,25
I33_25_03.png,4.37,I33.png,25
I33_25_04.png,4.23,I33.png,25
I33_25_05.png,3.3,I33.png,25
I34_25_01.png,3.03,I34.png,25
I34_25_02.png,3.43,I34.png,25
I34_25_03.png,4.27,I34.png,25
I34_25_04.png,4,I34.png,25
I34_25_05.png,2.63,I34.png,25
I35_25_01.png,3.53,I35.png,25
I35_25_02.png,4.37,I35.png,25
I35_25_03.png,4.6,I35.png,25
I35_25_04.png,4.47,I35.png,25
I35_25_05.png,3.8,I35.png,25
I36_25_01.png,3.87,I36.png,25
I36_25_02.png,4.2,I36.png,25
I36_25_03.png,4.6,I36.png,25
I36_25_04.png,4.4,I36.png,25
I36_25_05.png,4.1,I36.png,25
I37_25_01.png,3.9,I37.png,25
I37_25_02.png,4.17,I37.png,25
I37_25_03.png,4.63,I37.png,25
I37_25_04.png,4.17,I37.png,25
I37_25_05.png,2.97,I37.png,25
I38_25_01.png,3.6,I38.png,25
I38_25_02.png,3.73,I38.png,25
I38_25_03.png,4.3,I38.png,25
I38_25_04.png,3.97,I38.png,25
I38_25_05.png,3.1,I38.png,25
I39_25_01.png,3.77,I39.png,25
I39_25_02.png,4.23,I39.png,25
I39_25_03.png,4.67,I39.png,25
I39_25_04.png,4.37,I39.png,25
I39_25_05.png,3.77,I39.png,25
I40_25_01.png,3.63,I40.png,25
I40_25_02.png,3.47,I40.png,25
I40_25_03.png,3.93,I40.png,25
I40_25_04.png,3.87,I40.png,25
I40_25_05.png,2.45,I40.png,25
I41_25_01.png,3.73,I41.png,25
I41_25_02.png,4.23,I41.png,25
I41_25_03.png,4.53,I41.png,25
I41_25_04.png,4.6,I41.png,25
I41_25_05.png,3.97,I41.png,25
I42_25_01.png,3.13,I42.png,25
I42_25_02.png,3.87,I42.png,25
I42_25_03.png,4.27,I42.png,25
I42_25_04.png,4.3,I42.png,25
I42_25_05.png,3.1,I42.png,25
I43_25_01.png,3.8,I43.png,25
I43_25_02.png,4.2,I43.png,25
I43_25_03.png,4.53,I43.png,25
I43_25_04.png,4.13,I43.png,25
I43_25_05.png,3.1,I43.png,25
I44_25_01.png,3.17,I44.png,25
I44_25_02.png,3.57,I44.png,25
I44_25_03.png,4.17,I44.png,25
I44_25_04.png,3.4,I44.png,25
I44_25_05.png,2.97,I44.png,25
I45_25_01.png,3.4,I45.png,25
I45_25_02.png,3.8,I45.png,25
I45_25_03.png,4.27,I45.png,25
I45_25_04.png,4.27,I45.png,25
I45_25_05.png,3.2,I45.png,25
I46_25_01.png,3.53,I46.png,25
I46_25_02.png,4.23,I46.png,25
I46_25_03.png,4.57,I46.png,25
I46_25_04.png,4.33,I46.png,25
I46_25_05.png,3.47,I46.png,25
I47_25_01.png,3.63,I47.png,25
I47_25_02.png,4.13,I47.png,25
I47_25_03.png,4.6,I47.png,25
I47_25_04.png,4.2,I47.png,25
I47_25_05.png,2.97,I47.png,25
I48_25_01.png,3.1,I48.png,25
I48_25_02.png,3.67,I48.png,25
I48_25_03.png,4.13,I48.png,25
I48_25_04.png,4.5,I48.png,25
I48_25_05.png,3.9,I48.png,25
I49_25_01.png,3.63,I49.png,25
I49_25_02.png,4,I49.png,25
I49_25_03.png,4.47,I49.png,25
I49_25_04.png,4.07,I49.png,25
I49_25_05.png,3.97,I49.png,25
I50_25_01.png,3,I50.png,25
I50_25_02.png,3.6,I50.png,25
I50_25_03.png,4.17,I50.png,25
I50_25_04.png,4.33,I50.png,25
I50_25_05.png,3.57,I50.png,25
I51_25_01.png,3.67,I51.png,25
I51_25_02.png,4.13,I51.png,25
I51_25_03.png,4.5,I51.png,25
I51_25_04.png,4.07,I51.png,25
I51_25_05.png,3.57,I51.png,25
I52_25_01.png,4.03,I52.png,25
I52_25_02.png,4.3,I52.png,25
I52_25_03.png,4.37,I52.png,25
I52_25_04.png,4.4,I52.png,25
I52_25_05.png,3.57,I52.png,25
I53_25_01.png,3.83,I53.png,25
I53_25_02.png,3.97,I53.png,25
I53_25_03.png,4.43,I53.png,25
I53_25_04.png,4.47,I53.png,25
I53_25_05.png,3.47,I53.png,25
I54_25_01.png,3.87,I54.png,25
I54_25_02.png,4.2,I54.png,25
I54_25_03.png,4.27,I54.png,25
I54_25_04.png,4,I54.png,25
I54_25_05.png,3.4,I54.png,25
I55_25_01.png,2.8,I55.png,25
I55_25_02.png,3.67,I55.png,25
I55_25_03.png,4,I55.png,25
I55_25_04.png,4.3,I55.png,25
I55_25_05.png,3.47,I55.png,25
I56_25_01.png,3.13,I56.png,25
I56_25_02.png,3.47,I56.png,25
I56_25_03.png,4.1,I56.png,25
I56_25_04.png,3.7,I56.png,25
I56_25_05.png,2.7,I56.png,25
I57_25_01.png,2.97,I57.png,25
I57_25_02.png,3.57,I57.png,25
I57_25_03.png,3.57,I57.png,25
I57_25_04.png,3.83,I57.png,25
I57_25_05.png,3.07,I57.png,25
I58_25_01.png,3.5,I58.png,25
I58_25_02.png,4.07,I58.png,25
I58_25_03.png,4.45,I58.png,25
I58_25_04.png,4.1,I58.png,25
I58_25_05.png,3.53,I58.png,25
I59_25_01.png,4,I59.png,25
I59_25_02.png,3.87,I59.png,25
I59_25_03.png,4.39,I59.png,25
I59_25_04.png,4.1,I59.png,25
I59_25_05.png,2.93,I59.png,25
I60_25_01.png,3.13,I60.png,25
I60_25_02.png,3.93,I60.png,25
I60_25_03.png,4.43,I60.png,25
I60_25_04.png,4.1,I60.png,25
I60_25_05.png,3.8,I60.png,25
I61_25_01.png,2.67,I61.png,25
I61_25_02.png,3.67,I61.png,25
I61_25_03.png,4.17,I61.png,25
I61_25_04.png,4.33,I61.png,25
I61_25_05.png,3.53,I61.png,25
I62_25_01.png,3.17,I62.png,25
I62_25_02.png,3.13,I62.png,25
I62_25_03.png,3.93,I62.png,25
I62_25_04.png,4.03,I62.png,25
I62_25_05.png,3.4,I62.png,25
I63_25_01.png,3.3,I63.png,25
I63_25_02.png,3.7,I63.png,25
I63_25_03.png,4.23,I63.png,25
I63_25_04.png,3.97,I63.png,25
I63_25_05.png,3.59,I63.png,25
I64_25_01.png,3.83,I64.png,25
I64_25_02.png,4.2,I64.png,25
I64_25_03.png,4.4,I64.png,25
I64_25_04.png,4.23,I64.png,25
I64_25_05.png,3.5,I64.png,25
I65_25_01.png,3.87,I65.png,25
I65_25_02.png,4.07,I65.png,25
I65_25_03.png,4.43,I65.png,25
I65_25_04.png,4.47,I65.png,25
I65_25_05.png,3.57,I65.png,25
I66_25_01.png,3.43,I66.png,25
I66_25_02.png,3.73,I66.png,25
I66_25_03.png,4.17,I66.png,25
I66_25_04.png,4.23,I66.png,25
I66_25_05.png,3.17,I66.png,25
I67_25_01.png,3.23,I67.png,25
I67_25_02.png,4.03,I67.png,25
I67_25_03.png,4.07,I67.png,25
I67_25_04.png,3.77,I67.png,25
I67_25_05.png,3.27,I67.png,25
I68_25_01.png,3.5,I68.png,25
I68_25_02.png,4.23,I68.png,25
I68_25_03.png,4.47,I68.png,25
I68_25_04.png,4.03,I68.png,25
I68_25_05.png,3.4,I68.png,25
I69_25_01.png,3.53,I69.png,25
I69_25_02.png,4.07,I69.png,25
I69_25_03.png,4.5,I69.png,25
I69_25_04.png,3.73,I69.png,25
I69_25_05.png,2.93,I69.png,25
I70_25_01.png,3.8,I70.png,25
I70_25_02.png,4,I70.png,25
I70_25_03.png,4.63,I70.png,25
I70_25_04.png,4.23,I70.png,25
I70_25_05.png,3,I70.png,25
I71_25_01.png,3.3,I71.png,25
I71_25_02.png,3.73,I71.png,25
I71_25_03.png,4.23,I71.png,25
I71_25_04.png,4.3,I71.png,25
I71_25_05.png,3.77,I71.png,25
I72_25_01.png,2.5,I72.png,25
I72_25_02.png,3.6,I72.png,25
I72_25_03.png,4.07,I72.png,25
I72_25_04.png,4.2,I72.png,25
I72_25_05.png,3.5,I72.png,25
I73_25_01.png,3.57,I73.png,25
I73_25_02.png,4.09,I73.png,25
I73_25_03.png,4.5,I73.png,25
I73_25_04.png,4.23,I73.png,25
I73_25_05.png,3.33,I73.png,25
I74_25_01.png,3.5,I74.png,25
I74_25_02.png,3.87,I74.png,25
I74_25_03.png,4.43,I74.png,25
I74_25_04.png,3.9,I74.png,25
I74_25_05.png,3.03,I74.png,25
I75_25_01.png,3.27,I75.png,25
I75_25_02.png,3.8,I75.png,25
I75_25_03.png,4.43,I75.png,25
I75_25_04.png,3.97,I75.png,25
I75_25_05.png,2.87,I75.png,25
I76_25_01.png,3.17,I76.png,25
I76_25_02.png,3.83,I76.png,25
I76_25_03.png,3.87,I76.png,25
I76_25_04.png,4.17,I76.png,25
I76_25_05.png,3.27,I76.png,25
I77_25_01.png,3.83,I77.png,25
I77_25_02.png,3.87,I77.png,25
I77_25_03.png,4.4,I77.png,25
I77_25_04.png,4.17,I77.png,25
I77_25_05.png,3.7,I77.png,25
I78_25_01.png,3.6,I78.png,25
I78_25_02.png,3.93,I78.png,25
I78_25_03.png,4.33,I78.png,25
I78_25_04.png,4.33,I78.png,25
I78_25_05.png,3.03,I78.png,25
I79_25_01.png,3.93,I79.png,25
I79_25_02.png,3.93,I79.png,25
I79_25_03.png,4.5,I79.png,25
I79_25_04.png,3.8,I79.png,25
I79_25_05.png,3.2,I79.png,25
I80_25_01.png,3.1,I80.png,25
I80_25_02.png,3.27,I80.png,25
I80_25_03.png,3.97,I80.png,25
I80_25_04.png,4.27,I80.png,25
I80_25_05.png,3.03,I80.png,25
I81_25_01.png,3.33,I81.png,25
I81_25_02.png,3.73,I81.png,25
I81_25_03.png,4.3,I81.png,25
I81_25_04.png,4.13,I81.png,25
I81_25_05.png,3.27,I81.png,25
